volatility,spread,trend_strength,volume,proximity,time_horizon,p_normal,p_stressed,p_degraded,assumption_type,breached,phase,close_reason
0.0,0.009999999999990905,3.37022782755816e-14,733.737,1.0,30,1.0,0.0,0.0,trend_persistence,0,bootstrap,horizon_expired
0.0,0.009999999999990905,3.37022782755816e-14,733.737,0.0,30,1.0,0.0,0.0,volatility_control,0,bootstrap,horizon_expired
0.0,0.009999999999990905,3.37022782755816e-14,733.737,0.166667,30,1.0,0.0,0.0,spread_constraint,0,bootstrap,horizon_expired
2.7396709226251268e-05,0.010000000000005116,0.06315789473698175,623.364,0.7526,30,1.0,0.0,0.0,causal_edge|spread|price_return|4,0,bootstrap,horizon_expired
2.7396709226251268e-05,0.010000000000005116,0.02706766917273703,63.57488,0.7526,30,1.0,0.0,0.0,causal_edge|spread|price_return|4,0,bootstrap,horizon_expired
5.6294885996524214e-05,0.010000000000005116,0.018045112782027202,113.48912,0.7526,30,1.0,0.0,0.0,causal_edge|spread|price_return|4,0,bootstrap,horizon_expired
0.0,0.010000000000005116,4.410449239005414e-14,425.4528000000001,0.7526,30,1.0,0.0,0.0,causal_edge|spread|price_return|4,0,bootstrap,horizon_expired
3.975771615318128e-05,0.010000000000005116,0.009022556390853578,22.561359999999993,0.7526,30,1.0,0.0,0.0,causal_edge|spread|price_return|4,0,bootstrap,horizon_expired
2.7383270408837437e-05,0.009999999999990905,0.07218045112782315,17.41682,0.7526,30,1.0,0.0,0.0,causal_edge|spread|price_return|4,1,bootstrap,horizon_expired
2.7383270408837437e-05,0.009999999999990905,0.0270676691727686,113.946,0.972932,30,1.0,0.0,0.0,trend_persistence,0,bootstrap,horizon_expired
2.7383270408837437e-05,0.009999999999990905,0.0270676691727686,113.946,0.000391,30,1.0,0.0,0.0,volatility_control,0,bootstrap,horizon_expired
2.7383270408837437e-05,0.009999999999990905,0.0270676691727686,113.946,0.166667,30,1.0,0.0,0.0,spread_constraint,0,bootstrap,horizon_expired
0.0,0.010000000000005116,9.984711010823918e-14,161.83299999999997,0.8519,30,1.0,0.0,0.0,causal_edge|volatility|price_return|2,0,bootstrap,horizon_expired
3.981138016675781e-05,0.010000000000005116,0.04511278195466883,995.9917,0.8519,30,1.0,0.0,0.0,causal_edge|volatility|price_return|2,0,bootstrap,horizon_expired
0.0,0.010000000000005116,1.3431012698549606e-13,59.808180000000014,0.8519,30,0.0,0.0,1.0,causal_edge|volatility|price_return|2,0,bootstrap,horizon_expired
2.7369844769093926e-05,0.010000000000005116,0.06315789473697579,1125.77864,0.8519,30,1.0,0.0,0.0,causal_edge|volatility|price_return|2,0,bootstrap,horizon_expired
2.7369844769093926e-05,0.010000000000005116,0.07443609022586715,69.9117,0.8519,30,1.0,0.0,0.0,causal_edge|volatility|price_return|2,0,bootstrap,assumption_breach
3.9860291500629103e-05,0.010000000000005116,1.3389353382014555e-13,2200.4088,0.8519,30,1.0,0.0,0.0,causal_edge|volatility|price_return|2,0,bootstrap,horizon_expired
0.0,0.010000000000005116,2.7496018448631736e-13,4302.15556,0.8519,30,1.0,0.0,0.0,causal_edge|volatility|price_return|2,1,bootstrap,horizon_expired
2.73162736004811e-05,0.010000000000005116,0.06315789473678868,196.04135999999994,0.936842,30,0.0,1.0,0.0,trend_persistence,0,bootstrap,horizon_expired
2.73162736004811e-05,0.010000000000005116,0.06315789473678868,196.04135999999994,0.00039,30,0.0,1.0,0.0,volatility_control,0,bootstrap,horizon_expired
2.73162736004811e-05,0.010000000000005116,0.06315789473678868,196.04135999999994,0.166667,30,0.0,1.0,0.0,spread_constraint,0,bootstrap,horizon_expired
0.0,0.009999999999990905,1.4237410425027943e-13,851.7479999999999,1.0,30,0.0,0.0,1.0,trend_persistence,0,bootstrap,horizon_expired
0.0,0.009999999999990905,1.4237410425027943e-13,851.7479999999999,0.0,30,0.0,0.0,1.0,volatility_control,0,bootstrap,horizon_expired
0.0,0.009999999999990905,1.4237410425027943e-13,851.7479999999999,0.166667,30,0.0,0.0,1.0,spread_constraint,0,bootstrap,horizon_expired
0.0,0.010000000000005116,2.208412850310669e-13,582.51656,1.0,30,1.0,0.0,0.0,trend_persistence,0,bootstrap,horizon_expired
0.0,0.010000000000005116,2.208412850310669e-13,582.51656,0.0,30,1.0,0.0,0.0,volatility_control,0,bootstrap,horizon_expired
0.0,0.010000000000005116,2.208412850310669e-13,582.51656,0.166667,30,1.0,0.0,0.0,spread_constraint,0,bootstrap,horizon_expired
2.7437104939470543e-05,0.010000000000005116,0.014285714285977474,378.51655999999986,0.7484,30,1.0,0.0,0.0,causal_edge|volume|price_return|2,0,bootstrap,horizon_expired
3.988479226365392e-05,0.009999999999990905,0.015037593984842487,1.1139999999999999,0.7484,30,0.0,0.0,1.0,causal_edge|volume|price_return|2,0,bootstrap,horizon_expired
0.0,0.010000000000005116,3.4003298564969974e-13,422.4545000000001,0.7484,30,1.0,0.0,0.0,causal_edge|volume|price_return|2,0,trained,horizon_expired
0.0,0.010000000000005116,1.0484240688841372e-13,852.0394399999999,0.7484,30,1.0,0.0,0.0,causal_edge|volume|price_return|2,0,trained,horizon_expired
2.742362647223089e-05,0.010000000000005116,0.07218045112817029,24.1895,0.7484,30,1.0,0.0,0.0,causal_edge|volume|price_return|2,0,trained,horizon_expired
0.0,0.009999999999990905,2.2162583713758946e-13,181.75254,0.7484,30,1.0,0.0,0.0,causal_edge|volume|price_return|2,0,trained,horizon_expired
2.7413526308940924e-05,0.009999999999990905,0.06315789473652077,202.39949999999993,0.7484,30,1.0,0.0,0.0,causal_edge|volume|price_return|2,0,trained,horizon_expired
2.741016124096983e-05,0.010000000000005116,0.07218045112797654,40.081379999999996,0.7484,30,1.0,0.0,0.0,causal_edge|volume|price_return|2,0,trained,horizon_expired
0.0,0.010000000000005116,1.3431012698549606e-13,328.63446,0.7484,30,1.0,0.0,0.0,causal_edge|volume|price_return|2,0,trained,horizon_expired
2.7400070992070016e-05,0.010000000000005116,0.07443609022523866,1124.4909200000002,0.7484,30,1.0,0.0,0.0,causal_edge|volume|price_return|2,0,trained,horizon_expired
2.7389988169145596e-05,0.010000000000005116,0.01428571428549901,1763.5088,0.8571,30,1.0,0.0,0.0,causal_edge|session_sin|price_return|1,0,trained,horizon_expired
2.7400070992070016e-05,0.010000000000005116,0.06842105263130921,262.14372000000003,0.8571,30,0.0,0.0,1.0,causal_edge|session_sin|price_return|1,0,trained,horizon_expired
2.7400070992070016e-05,0.010000000000005116,0.04812030075213149,228.81512000000004,0.8571,30,1.0,0.0,0.0,causal_edge|session_sin|price_return|1,0,trained,horizon_expired
2.7400070992070016e-05,0.010000000000005116,0.03834586466170037,445.68045999999987,0.8571,30,0.0,0.0,1.0,causal_edge|session_sin|price_return|1,0,trained,horizon_expired
2.7389988169145596e-05,0.010000000000005116,0.06842105263170135,238.47944000000004,0.8571,30,0.0,0.0,1.0,causal_edge|session_sin|price_return|1,0,trained,horizon_expired
0.0,0.009999999999990905,2.1711219443130635e-13,380.68682,0.8571,30,1.0,0.0,0.0,causal_edge|session_sin|price_return|1,0,trained,horizon_expired
2.7379912764263484e-05,0.010000000000005116,0.07443609022538362,457.39774000000006,0.8571,30,1.0,0.0,0.0,causal_edge|session_sin|price_return|1,0,trained,horizon_expired
0.0,0.010000000000005116,2.1759384850519776e-13,96.77441999999999,0.8571,30,0.0,0.0,1.0,causal_edge|session_sin|price_return|1,0,trained,horizon_expired
4.829362672858948e-05,0.010000000000005116,0.062406015037797274,92.88156000000002,0.8571,30,1.0,0.0,0.0,causal_edge|session_sin|price_return|1,0,trained,horizon_expired
0.0,0.009999999999990905,1.8457579384961516e-13,218.62232,0.8571,30,1.0,0.0,0.0,causal_edge|session_sin|price_return|1,0,trained,horizon_expired
0.0,0.009999999999990905,2.1711219443130635e-13,171.87918,0.8571,30,0.0,0.0,1.0,causal_edge|session_sin|price_return|1,0,trained,horizon_expired
0.0,0.009999999999990905,2.1711219443130635e-13,290.95342,0.8571,30,0.0,0.0,1.0,causal_edge|session_sin|price_return|1,0,trained,horizon_expired
2.7389988169145596e-05,0.010000000000005116,0.06315789473692264,542.36196,0.8571,30,1.0,0.0,0.0,causal_edge|session_sin|price_return|1,1,trained,horizon_expired
3.9709056075659756e-05,0.009999999999990905,0.018796992481361612,55.149739999999994,0.8541,30,0.0,0.0,1.0,causal_edge|session_sin|price_return|4,0,trained,horizon_expired
0.0,0.010000000000005116,1.2383787935125557e-13,123.675,0.8541,30,1.0,0.0,0.0,causal_edge|session_sin|price_return|4,0,trained,horizon_expired
0.0,0.010000000000005116,1.223929171295813e-13,341.4000000000001,0.8541,30,1.0,0.0,0.0,causal_edge|session_sin|price_return|4,0,trained,horizon_expired
2.733968516054627e-05,0.010000000000005116,0.07218045112793396,459.81276,0.8541,30,1.0,0.0,0.0,causal_edge|session_sin|price_return|4,0,trained,horizon_expired
2.733968516054627e-05,0.010000000000005116,0.06842105263132933,177.7272,0.8541,30,1.0,0.0,0.0,causal_edge|session_sin|price_return|4,0,trained,horizon_expired
0.0,0.010000000000005116,4.199912005322814e-14,110.19899999999998,0.8541,30,1.0,0.0,0.0,causal_edge|session_sin|price_return|4,0,trained,horizon_expired
0.0,0.010000000000005116,3.535515072584757e-13,343.92496,0.8541,30,1.0,0.0,0.0,causal_edge|session_sin|price_return|4,1,trained,assumption_breach
2.7413526308940924e-05,0.009999999999990905,0.07518796992489096,440.51876,1.0,30,0.0,0.0,1.0,trend_persistence,0,bootstrap,horizon_expired
2.7413526308940924e-05,0.009999999999990905,0.07518796992489096,440.51876,0.000392,30,0.0,0.0,1.0,volatility_control,0,bootstrap,horizon_expired
2.7413526308940924e-05,0.009999999999990905,0.07518796992489096,440.51876,0.166667,30,0.0,0.0,1.0,spread_constraint,0,bootstrap,horizon_expired
2.733968516054627e-05,0.010000000000005116,0.027067669172671602,3.76558,0.8502,30,1.0,0.0,0.0,causal_edge|session_sin|price_return|4,0,trained,assumption_breach
0.0,0.010000000000005116,1.202875447927553e-13,568.984,0.8502,30,1.0,0.0,0.0,causal_edge|session_sin|price_return|4,0,trained,horizon_expired
2.7279564907153944e-05,0.010000000000005116,0.07518796992475218,13.85604,0.8499,30,1.0,0.0,0.0,causal_edge|session_cos|price_return|4,0,trained,horizon_expired
0.0,0.009999999999990905,2.5931388403064205e-13,679.56736,0.8502,30,1.0,0.0,0.0,causal_edge|session_sin|price_return|4,0,trained,horizon_expired
0.0,0.009999999999990905,2.913686305384418e-13,178.77374000000003,0.8499,30,1.0,0.0,0.0,causal_edge|session_cos|price_return|4,0,trained,horizon_expired
3.969933835010748e-05,0.010000000000005116,0.006015037594078413,453.01149999999996,0.8405,30,1.0,0.0,0.0,causal_edge|volume|price_return|3,0,trained,horizon_expired
2.732295852529693e-05,0.010000000000005116,0.0684210526314748,878.7746000000001,0.8405,30,1.0,0.0,0.0,causal_edge|volume|price_return|3,0,trained,horizon_expired
0.0,0.010000000000005116,2.162871888847997e-14,355.40496000000013,0.8405,30,1.0,0.0,0.0,causal_edge|volume|price_return|3,0,trained,assumption_breach
2.7282897983714417e-05,0.009999999999990905,0.06842105263178275,124.81252,0.8405,30,1.0,0.0,0.0,causal_edge|volume|price_return|3,0,trained,horizon_expired
2.728623187460747e-05,0.010000000000005116,0.038345864661758544,509.7562,0.8405,30,1.0,0.0,0.0,causal_edge|volume|price_return|3,0,trained,horizon_expired
0.0,0.010000000000005116,1.202875447927553e-13,733.1278,0.8405,30,1.0,0.0,0.0,causal_edge|volume|price_return|3,0,trained,horizon_expired
0.0,0.009999999999990905,1.7651181658483179e-13,127.40084,0.8405,30,1.0,0.0,0.0,causal_edge|volume|price_return|3,1,trained,horizon_expired
0.0,0.009999999999990905,6.021004040954745e-14,1320.66714,0.841,30,1.0,0.0,0.0,causal_edge|volatility|price_return|3,0,trained,horizon_expired
2.7309591946085233e-05,0.009999999999990905,0.014285714285818202,1803.40158,0.841,30,1.0,0.0,0.0,causal_edge|volatility|price_return|3,0,trained,horizon_expired
0.0,0.009999999999990905,2.6382752673692513e-13,374.8047799999999,0.7104,30,1.0,0.0,0.0,causal_edge|volume|price_return|4,0,bootstrap,horizon_expired
4.819906660749352e-05,0.010000000000005116,0.0503759398494202,998.2177,0.7104,30,1.0,0.0,0.0,causal_edge|volume|price_return|4,0,bootstrap,horizon_expired
2.7332992049367532e-05,0.010000000000005116,0.07443609022571498,111.43635999999998,0.7104,30,1.0,0.0,0.0,causal_edge|volume|price_return|4,0,bootstrap,horizon_expired
2.7343032945270127e-05,0.010000000000005116,0.02706766917316481,530.0954800000001,0.7104,30,1.0,0.0,0.0,causal_edge|volume|price_return|4,0,bootstrap,horizon_expired
0.0,0.010000000000005116,8.98565165478901e-14,319.2885,0.7104,30,1.0,0.0,0.0,causal_edge|volume|price_return|4,0,bootstrap,horizon_expired
2.732964672271431e-05,0.009999999999990905,0.07218045112759656,22.031,0.7104,30,1.0,0.0,0.0,causal_edge|volume|price_return|4,1,bootstrap,horizon_expired
2.732295852529693e-05,0.010000000000005116,0.027067669173148026,4.05022,0.8085,30,1.0,0.0,0.0,causal_edge|order_book_imbalance|price_return|3,0,bootstrap,horizon_expired
3.9694481270628875e-05,0.009999999999990905,0.03383458646591442,200.82587999999998,0.8085,30,1.0,0.0,0.0,causal_edge|order_book_imbalance|price_return|3,0,bootstrap,horizon_expired
2.7312932364728584e-05,0.010000000000005116,0.014285714285746385,122.73798000000002,0.7904,30,1.0,0.0,0.0,causal_edge|rsi|price_return|4,0,bootstrap,horizon_expired
0.0,0.010000000000005116,2.0856656309263154e-13,18.5503,0.8085,30,1.0,0.0,0.0,causal_edge|order_book_imbalance|price_return|3,0,bootstrap,horizon_expired
2.7299575591025256e-05,0.009999999999990905,0.0721804511280443,244.35773999999998,0.7904,30,1.0,0.0,0.0,causal_edge|rsi|price_return|4,0,bootstrap,horizon_expired
0.0,0.010000000000005116,1.1836092849718962e-13,154.45904000000002,0.8085,30,1.0,0.0,0.0,causal_edge|order_book_imbalance|price_return|3,0,bootstrap,horizon_expired
2.7299575591025256e-05,0.009999999999990905,0.0751879699248444,61.41494000000001,0.7904,30,1.0,0.0,0.0,causal_edge|rsi|price_return|4,0,bootstrap,horizon_expired
0.0,0.010000000000005116,1.7651181658483179e-13,29.323879999999996,0.8242,30,1.0,0.0,0.0,causal_edge|order_book_imbalance|price_return|3,0,bootstrap,horizon_expired
2.732295852529693e-05,0.010000000000005116,0.06842105263166087,57.41565999999999,0.8162,30,1.0,0.0,0.0,causal_edge|volume|price_return|4,0,bootstrap,assumption_breach
2.7292902101969587e-05,0.009999999999990905,0.06315789473653287,12.099179999999997,0.8162,30,1.0,0.0,0.0,causal_edge|volume|price_return|4,0,trained,horizon_expired
2.73162736004811e-05,0.010000000000005116,0.03834586466136414,571.2981956521741,0.961654,30,1.0,0.0,0.0,trend_persistence,0,bootstrap,horizon_expired
2.73162736004811e-05,0.010000000000005116,0.03834586466136414,571.2981956521741,0.00039,30,1.0,0.0,0.0,volatility_control,0,bootstrap,horizon_expired
2.73162736004811e-05,0.010000000000005116,0.03834586466136414,571.2981956521741,0.166667,30,1.0,0.0,0.0,spread_constraint,0,bootstrap,horizon_expired
4.8169592463995994e-05,0.009999999999990905,0.044360902255761045,54.662119999999994,0.8162,30,1.0,0.0,0.0,causal_edge|volume|price_return|4,0,trained,horizon_expired
0.0,0.009999999999990905,2.6382752673692513e-13,632.9334200000001,0.8313,30,1.0,0.0,0.0,causal_edge|volume|price_return|4,0,trained,horizon_expired
0.0,0.009999999999990905,3.5403316133236713e-13,268.93000000000006,0.8313,30,1.0,0.0,0.0,causal_edge|volume|price_return|4,0,trained,horizon_expired
0.0,0.010000000000005116,3.535515072584757e-13,594.813,0.8313,30,1.0,0.0,0.0,causal_edge|volume|price_return|4,0,trained,horizon_expired
3.972850580611193e-05,0.010000000000005116,0.02406015037588754,1527.2588400000002,0.8313,30,1.0,0.0,0.0,causal_edge|volume|price_return|4,0,trained,horizon_expired
0.0,0.010000000000005116,7.536103175971259e-15,80.20442000000001,0.8313,30,1.0,0.0,0.0,causal_edge|volume|price_return|4,0,trained,horizon_expired
2.7343032945270127e-05,0.010000000000005116,0.01428571428582346,84.567,0.8313,30,1.0,0.0,0.0,causal_edge|volume|price_return|4,1,trained,horizon_expired
0.0,0.009999999999990905,1.2383787935125557e-13,25.81254,0.8566,30,1.0,0.0,0.0,causal_edge|order_book_imbalance|price_return|3,0,trained,horizon_expired
2.7326302214756894e-05,0.010000000000005116,0.06315789473676155,180.04806,0.8566,30,1.0,0.0,0.0,causal_edge|order_book_imbalance|price_return|3,0,trained,horizon_expired
2.7322958525296933e-05,0.010000000000005116,0.014285714285690643,523.33754,0.8566,30,1.0,0.0,0.0,causal_edge|order_book_imbalance|price_return|3,0,trained,horizon_expired
0.0,0.009999999999990905,8.98565165478901e-14,13.245,0.8566,30,1.0,0.0,0.0,causal_edge|order_book_imbalance|price_return|3,0,trained,horizon_expired
4.82344832263442e-05,0.009999999999990905,0.06466165413545796,119.5768,0.8566,30,1.0,0.0,0.0,causal_edge|order_book_imbalance|price_return|3,0,trained,horizon_expired
2.732964672271431e-05,0.009999999999990905,0.07443609022571547,47.18027999999998,0.8566,30,1.0,0.0,0.0,causal_edge|order_book_imbalance|price_return|3,0,trained,horizon_expired
0.0,0.009999999999990905,1.2383787935125557e-13,896.84536,0.8566,30,1.0,0.0,0.0,causal_edge|order_book_imbalance|price_return|3,1,trained,horizon_expired
0.0,0.010000000000005116,2.6382752673692513e-13,554.76764,0.0,30,1.0,0.0,0.0,no_active_trend,0,trained,horizon_expired
0.0,0.010000000000005116,2.6382752673692513e-13,554.76764,0.0,30,1.0,0.0,0.0,volatility_normal,0,trained,horizon_expired
0.0,0.010000000000005116,2.6382752673692513e-13,554.76764,0.166667,30,1.0,0.0,0.0,spread_within_tolerance,0,trained,horizon_expired
0.0,0.009999999999990905,1.7651181658483179e-13,121.67049999999999,0.8205,30,1.0,0.0,0.0,causal_edge|ema_spread|price_return|1,0,trained,horizon_expired
0.0,0.010000000000005116,2.825201011671359e-13,124.0993,0.8205,30,0.0,0.0,1.0,causal_edge|ema_spread|price_return|1,0,trained,horizon_expired
0.0,0.009999999999990905,2.913686305384418e-13,132.2037,0.8205,30,0.0,1.0,0.0,causal_edge|ema_spread|price_return|1,0,trained,horizon_expired
0.0,0.009999999999990905,2.825201011671359e-13,152.76202,0.8205,30,1.0,0.0,0.0,causal_edge|ema_spread|price_return|1,0,trained,horizon_expired
5.606102612412773e-05,0.009999999999990905,0.030827067669493557,47.36722,0.8205,30,1.0,0.0,0.0,causal_edge|ema_spread|price_return|1,0,trained,horizon_expired
0.0,0.009999999999990905,2.030896122385656e-13,263.7686,0.8205,30,1.0,0.0,0.0,causal_edge|ema_spread|price_return|1,0,trained,horizon_expired
0.0,0.010000000000005116,1.7892008695428893e-13,181.42177999999996,0.8205,30,1.0,0.0,0.0,causal_edge|ema_spread|price_return|1,1,trained,horizon_expired
3.965082097961328e-05,0.010000000000005116,0.03383458646617678,562.06436,0.8423,30,0.99,0.0,0.01,causal_edge|volume|price_return|4,0,trained,horizon_expired
2.7259583537470766e-05,0.010000000000005116,0.06315789473659998,2.74932,0.8423,30,0.44,0.56,0.0,causal_edge|volume|price_return|4,0,trained,horizon_expired
4.8052055484507674e-05,0.010000000000005116,0.03308270676667841,473.08539999999994,0.8423,30,1.0,0.0,0.0,causal_edge|volume|price_return|4,0,trained,horizon_expired
2.724960382519554e-05,0.010000000000005116,0.06315789473676515,2315.7456800000004,0.8423,30,1.0,0.0,0.0,causal_edge|volume|price_return|4,0,trained,horizon_expired
5.597212178236406e-05,0.010000000000005116,0.04210526315766527,1378.5283399999998,0.8423,30,1.0,0.0,0.0,causal_edge|volume|price_return|4,1,trained,horizon_expired
2.7236308903483144e-05,0.009999999999990905,0.03834586466148234,40.598800000000004,0.75,30,1.0,0.0,0.0,causal_edge|order_book_imbalance|price_return|1,0,trained,horizon_expired
2.7163418106601703e-05,0.009999999999990905,0.014285714285649582,323.486,0.75,30,1.0,0.0,0.0,causal_edge|order_book_imbalance|price_return|1,0,trained,horizon_expired
0.0,0.010000000000005116,5.244896117739522e-14,2.445,0.7856,30,1.0,0.0,0.0,causal_edge|spread|price_return|1,0,trained,horizon_expired
0.0,0.009999999999990905,3.8624425737135375e-13,296.385,0.7856,30,1.0,0.0,0.0,causal_edge|spread|price_return|1,0,trained,horizon_expired
0.0,0.009999999999990905,2.211217765536246e-13,2412.69324,0.7856,30,1.0,0.0,0.0,causal_edge|spread|price_return|1,0,trained,horizon_expired
0.0,0.010000000000005116,3.4193719543519203e-13,35.654,0.7856,30,1.0,0.0,0.0,causal_edge|spread|price_return|1,0,trained,horizon_expired
2.7193189861192166e-05,0.010000000000005116,0.027067669172847388,718.68412,0.854,30,1.0,0.0,0.0,causal_edge|rsi|price_return|4,0,trained,horizon_expired
0.0,0.009999999999990905,2.211217765536246e-13,253.46182000000002,0.7856,30,0.96,0.04,0.0,causal_edge|spread|price_return|1,0,trained,horizon_expired
2.7282897983714417e-05,0.009999999999990905,0.07218045112775688,157.996,0.92782,30,1.0,0.0,0.0,trend_persistence,0,trained,horizon_expired
2.7282897983714417e-05,0.009999999999990905,0.07218045112775688,157.996,0.00039,30,1.0,0.0,0.0,volatility_control,0,trained,horizon_expired
2.7282897983714417e-05,0.009999999999990905,0.07218045112775688,157.996,0.166667,30,1.0,0.0,0.0,spread_constraint,0,trained,horizon_expired
2.718656827721158e-05,0.010000000000005116,0.014285714285921227,141.66199999999998,0.854,30,1.0,0.0,0.0,causal_edge|rsi|price_return|4,0,trained,horizon_expired
2.7173334778706136e-05,0.010000000000005116,0.0721804511274273,2218.24156,0.7856,30,0.44,0.56,0.0,causal_edge|spread|price_return|1,0,trained,horizon_expired
0.0,0.010000000000005116,3.6793365270263854e-14,9.427999999999999,0.7915,30,1.0,0.0,0.0,causal_edge|spread|price_return|1,0,trained,horizon_expired
2.713700899860227e-05,0.010000000000005116,0.027067669173226484,288.63104,0.8459,30,1.0,0.0,0.0,causal_edge|rsi|price_return|4,0,trained,horizon_expired
0.0,0.010000000000005116,2.1708978792123293e-13,1899.8709999999999,0.7915,30,1.0,0.0,0.0,causal_edge|spread|price_return|1,0,trained,horizon_expired
2.7199814671365678e-05,0.009999999999990905,0.07443609022516813,1253.8473399999996,0.7915,30,1.0,0.0,0.0,causal_edge|spread|price_return|1,0,trained,horizon_expired
2.718656827721158e-05,0.010000000000005116,0.07443609022542845,59.69204000000001,0.8459,30,0.84,0.16,0.0,causal_edge|rsi|price_return|4,0,trained,horizon_expired
0.0,0.009999999999990905,1.895486841197163e-13,569.1657200000001,0.7915,30,1.0,0.0,0.0,causal_edge|spread|price_return|1,0,trained,horizon_expired
2.7183258694324697e-05,0.010000000000005116,0.07443609022582139,143.00663999999998,0.8459,30,1.0,0.0,0.0,causal_edge|rsi|price_return|4,0,trained,horizon_expired
0.0,0.010000000000005116,1.895486841197163e-13,286.05654000000004,0.7949,30,1.0,0.0,0.0,causal_edge|spread|price_return|1,0,trained,horizon_expired
0.0,0.010000000000005116,1.8810372189804196e-13,164.37,0.7949,30,1.0,0.0,0.0,causal_edge|spread|price_return|1,0,trained,horizon_expired
2.7173334778706136e-05,0.010000000000005116,0.07218045112809036,0.0,0.8544,30,1.0,0.0,0.0,causal_edge|rsi|price_return|4,0,trained,horizon_expired
3.947233319075292e-05,0.010000000000005116,0.033834586466248005,753.8343799999999,0.8544,30,1.0,0.0,0.0,causal_edge|rsi|price_return|4,0,trained,horizon_expired
2.718656827721158e-05,0.010000000000005116,0.01428571428550508,587.22136,0.8544,30,1.0,0.0,0.0,causal_edge|rsi|price_return|4,0,trained,horizon_expired
2.7193189861192166e-05,0.010000000000005116,0.03834586466183328,590.10468,0.8544,30,1.0,0.0,0.0,causal_edge|rsi|price_return|4,0,trained,horizon_expired
2.718656827721158e-05,0.010000000000005116,0.0270676691731482,390.6196800000001,0.8544,30,1.0,0.0,0.0,causal_edge|rsi|price_return|4,1,trained,horizon_expired
2.718656827721158e-05,0.010000000000005116,0.01428571428550508,453.04100000000005,0.7503,30,1.0,0.0,0.0,causal_edge|trade_intensity|price_return|1,0,trained,horizon_expired
2.717002841685567e-05,0.009999999999990905,0.05639097744351044,640.7424,0.7503,30,0.96,0.04,0.0,causal_edge|trade_intensity|price_return|1,0,trained,horizon_expired
0.0,0.009999999999990905,1.4617322836980792e-13,701.6587599999999,0.7965,30,1.0,0.0,0.0,causal_edge|spread|price_return|1,0,trained,horizon_expired
5.586308739357174e-05,0.010000000000005116,0.039097744361081724,83.9579,0.7503,30,0.99,0.0,0.01,causal_edge|trade_intensity|price_return|1,0,trained,horizon_expired
0.0,0.010000000000005116,2.490785737587856e-14,332.61199999999997,0.7965,30,1.0,0.0,0.0,causal_edge|spread|price_return|1,0,trained,horizon_expired
0.0,0.009999999999990905,2.211217765536246e-13,638.71848,0.7965,30,1.0,0.0,0.0,causal_edge|spread|price_return|1,0,trained,horizon_expired
0.0,0.010000000000005116,1.9003033819360767e-13,789.33524,0.7965,30,1.0,0.0,0.0,causal_edge|spread|price_return|1,0,trained,horizon_expired
0.0,0.009999999999990905,1.2990647519963793e-14,1614.3463199999999,0.7503,30,1.0,0.0,0.0,causal_edge|trade_intensity|price_return|1,0,trained,horizon_expired
0.0,0.010000000000005116,9.771933126133977e-14,2189.42126,0.7503,30,0.99,0.0,0.01,causal_edge|trade_intensity|price_return|1,0,trained,horizon_expired
0.0,0.010000000000005116,1.2881076962135667e-13,3217.6890000000003,0.7965,30,1.0,0.0,0.0,causal_edge|spread|price_return|1,0,trained,horizon_expired
0.0,0.010000000000005116,1.2990647519963793e-14,1471.1190000000001,0.7965,30,1.0,0.0,0.0,causal_edge|spread|price_return|1,0,trained,horizon_expired
4.781869395664472e-05,0.010000000000005116,0.017293233082690346,2616.3394000000003,0.7965,30,1.0,0.0,0.0,causal_edge|spread|price_return|1,0,trained,horizon_expired
0.0,0.010000000000005116,2.1016787484549268e-13,19.9534,0.7965,30,1.0,0.0,0.0,causal_edge|spread|price_return|1,0,trained,horizon_expired
0.0,0.009999999999990905,1.0464124433708e-13,703.40824,0.7763,30,1.0,0.0,0.0,causal_edge|trade_intensity|price_return|1,0,trained,horizon_expired
0.0,0.010000000000005116,1.8503504141343318e-13,31.203339999999994,0.7763,30,1.0,0.0,0.0,causal_edge|trade_intensity|price_return|1,0,trained,horizon_expired
0.0,0.009999999999990905,2.7475902193498364e-13,76.88299999999998,0.7763,30,1.0,0.0,0.0,causal_edge|trade_intensity|price_return|1,0,trained,horizon_expired
2.713041474335353e-05,0.010000000000005116,0.04812030075204018,151.4894,0.7763,30,1.0,0.0,0.0,causal_edge|trade_intensity|price_return|1,0,trained,horizon_expired
0.0,0.010000000000005116,2.7475902193498364e-13,368.43909999999994,0.7763,30,1.0,0.0,0.0,causal_edge|trade_intensity|price_return|1,0,trained,horizon_expired
3.943395231369408e-05,0.010000000000005116,0.03383458646602279,166.8172,0.7763,30,0.84,0.16,0.0,causal_edge|trade_intensity|price_return|1,0,trained,horizon_expired
0.0,0.010000000000005116,2.1708978792123293e-13,217.31999999999996,0.7763,30,1.0,0.0,0.0,causal_edge|trade_intensity|price_return|1,0,trained,horizon_expired
0.0,0.009999999999990905,1.0464124433708e-13,781.1449999999999,0.7763,30,0.44,0.56,0.0,causal_edge|trade_intensity|price_return|1,0,trained,horizon_expired
0.0,0.010000000000005116,1.8503504141343318e-13,34.837599999999995,0.7763,30,1.0,0.0,0.0,causal_edge|trade_intensity|price_return|1,0,trained,horizon_expired
0.0,0.009999999999990905,1.8503504141343318e-13,107.88364000000001,0.7763,30,1.0,0.0,0.0,causal_edge|trade_intensity|price_return|1,0,trained,assumption_breach
3.9457931609801264e-05,0.010000000000005116,0.0022556390975084603,1.26916,0.7763,30,1.0,0.0,0.0,causal_edge|trade_intensity|price_return|1,0,trained,horizon_expired
0.0,0.010000000000005116,2.1708978792123293e-13,240.56699999999998,0.7763,30,1.0,0.0,0.0,causal_edge|trade_intensity|price_return|1,0,trained,horizon_expired
0.0,0.009999999999990905,1.9292026263695625e-13,567.6617200000001,0.7763,30,1.0,0.0,0.0,causal_edge|trade_intensity|price_return|1,0,trained,horizon_expired
0.0,0.009999999999990905,1.0175131989373145e-13,315.161,0.8261,30,1.0,0.0,0.0,causal_edge|trade_intensity|price_return|1,0,trained,horizon_expired
0.0,0.009999999999990905,1.9292026263695625e-13,342.5188,0.8261,30,1.0,0.0,0.0,causal_edge|trade_intensity|price_return|1,0,trained,horizon_expired
0.0,0.010000000000005116,3.6793365270263854e-14,371.36232,0.8261,30,1.0,0.0,0.0,causal_edge|trade_intensity|price_return|1,0,trained,horizon_expired
0.0,0.010000000000005116,1.0175131989373145e-13,20.130939999999995,0.8261,30,1.0,0.0,0.0,causal_edge|trade_intensity|price_return|1,0,trained,horizon_expired
4.7876821585733555e-05,0.009999999999990905,0.05037593984968003,110.24268000000001,0.8261,30,1.0,0.0,0.0,causal_edge|trade_intensity|price_return|1,0,trained,horizon_expired
0.0,0.010000000000005116,2.1708978792123293e-13,621.0724599999999,0.8261,30,1.0,0.0,0.0,causal_edge|trade_intensity|price_return|1,0,trained,horizon_expired
2.7137008998602273e-05,0.010000000000005116,0.056390977443447406,50.19999999999999,0.8261,30,1.0,0.0,0.0,causal_edge|trade_intensity|price_return|1,0,trained,horizon_expired
0.0,0.010000000000005116,3.8624425737135375e-13,802.6179800000001,0.8261,30,1.0,0.0,0.0,causal_edge|trade_intensity|price_return|1,0,trained,horizon_expired
0.0,0.010000000000005116,5.244896117739522e-14,842.1919199999998,0.8261,30,1.0,0.0,0.0,causal_edge|trade_intensity|price_return|1,0,trained,horizon_expired
2.715681101183098e-05,0.010000000000005116,0.027067669172751354,96.00858000000002,0.8261,30,1.0,0.0,0.0,causal_edge|trade_intensity|price_return|1,0,trained,horizon_expired
2.7153508669681645e-05,0.009999999999990905,0.05639097744344516,485.80752,0.8166,30,1.0,0.0,0.0,causal_edge|spread|price_return|1,0,trained,horizon_expired
0.0,0.010000000000005116,2.7475902193498364e-13,1277.18492,0.8261,30,1.0,0.0,0.0,causal_edge|trade_intensity|price_return|1,0,trained,horizon_expired
3.941957872087467e-05,0.010000000000005116,0.015789473683970934,74.16318,0.8166,30,1.0,0.0,0.0,causal_edge|spread|price_return|1,0,trained,horizon_expired
0.0,0.009999999999990905,1.0464124433708e-13,651.4817599999999,0.8261,30,0.98,0.0,0.02,causal_edge|trade_intensity|price_return|1,0,trained,horizon_expired
2.7133711470058926e-05,0.009999999999990905,0.014285714285828168,376.58008,0.8261,30,1.0,0.0,0.0,causal_edge|trade_intensity|price_return|1,0,trained,horizon_expired
0.0,0.009999999999990905,1.2990647519963793e-14,54.95240000000002,0.7893,30,1.0,0.0,0.0,causal_edge|trade_intensity|price_return|1,0,trained,horizon_expired
0.0,0.009999999999990905,1.0464124433708e-13,92.47502,0.7893,30,0.44,0.56,0.0,causal_edge|trade_intensity|price_return|1,0,trained,horizon_expired
4.784192806259606e-05,0.010000000000005116,0.03909774436086771,162.05084,0.7535,30,0.44,0.56,0.0,causal_edge|spread|price_return|1,0,trained,horizon_expired
2.712052936712529e-05,0.010000000000005116,0.0563909774436119,6.351920000000002,0.8032,30,0.99,0.0,0.01,causal_edge|eth_return|price_return|2,0,trained,horizon_expired
0.0,0.009999999999990905,2.1016787484549268e-13,396.057,0.7893,30,0.99,0.0,0.01,causal_edge|trade_intensity|price_return|1,0,trained,horizon_expired
2.715681101183098e-05,0.010000000000005116,0.014285714285672041,363.60952000000003,0.7893,30,0.99,0.0,0.01,causal_edge|trade_intensity|price_return|1,0,trained,horizon_expired
5.5801942025771e-05,0.010000000000005116,0.01278195488737954,104.46162,0.8032,30,0.48,0.4,0.12,causal_edge|eth_return|price_return|2,0,trained,horizon_expired
2.717002841685567e-05,0.009999999999990905,0.04812030075188995,2242.2299599999997,0.95188,30,0.96,0.04,0.0,trend_persistence,0,trained,horizon_expired
2.717002841685567e-05,0.009999999999990905,0.04812030075188995,2242.2299599999997,0.000388,30,0.96,0.04,0.0,volatility_control,0,trained,horizon_expired
2.717002841685567e-05,0.009999999999990905,0.04812030075188995,2242.2299599999997,0.166667,30,0.96,0.04,0.0,spread_constraint,0,trained,horizon_expired
0.0,0.009999999999990905,2.7475902193498364e-13,88.683,0.7893,30,0.04,0.0,0.96,causal_edge|trade_intensity|price_return|1,0,trained,horizon_expired
2.7110651191969108e-05,0.010000000000005116,0.056390977443757075,315.6748,0.7535,30,0.99,0.0,0.01,causal_edge|spread|price_return|1,1,trained,horizon_expired
0.0,0.010000000000005116,9.86826394091226e-14,799.5049999999999,0.8097,30,0.02,0.02,0.96,causal_edge|order_book_imbalance|price_return|2,0,trained,horizon_expired
0.0,0.010000000000005116,1.24778780988965e-13,517.785,0.8097,30,0.97,0.0,0.03,causal_edge|order_book_imbalance|price_return|2,0,trained,assumption_breach
0.0,0.010000000000005116,2.1113118299327555e-13,666.5913600000001,0.8097,30,1.0,0.0,0.0,causal_edge|order_book_imbalance|price_return|2,0,trained,horizon_expired
2.7127118817097802e-05,0.009999999999990905,0.04812030075189278,65.52724,0.8195,30,1.0,0.0,0.0,causal_edge|btc_return|price_return|2,0,trained,horizon_expired
0.0,0.010000000000005116,2.1708978792123293e-13,282.779,0.8097,30,0.98,0.0,0.02,causal_edge|order_book_imbalance|price_return|2,0,trained,horizon_expired
0.0,0.009999999999990905,1.0078801174594859e-13,277.09496,0.8097,30,1.0,0.0,0.0,causal_edge|order_book_imbalance|price_return|2,0,trained,horizon_expired
0.0,0.010000000000005116,2.1402110743662408e-13,2418.51702,0.8097,30,1.0,0.0,0.0,causal_edge|order_book_imbalance|price_return|2,0,trained,horizon_expired
0.0,0.010000000000005116,1.24778780988965e-13,3230.063180000001,0.8097,30,1.0,0.0,0.0,causal_edge|order_book_imbalance|price_return|2,0,trained,horizon_expired
3.9214702684056654e-05,0.009999999999990905,0.011278195488723861,19422.86428,0.8097,30,1.0,0.0,0.0,causal_edge|order_book_imbalance|price_return|2,0,trained,horizon_expired
0.0,0.010000000000005116,1.0413718375311515e-13,8654.155,0.5104,30,1.0,0.0,0.0,causal_edge|spread|price_return|1,0,trained,horizon_expired
2.6914587903264953e-05,0.010000000000005116,0.014285714285973397,10544.17,0.5104,30,1.0,0.0,0.0,causal_edge|spread|price_return|1,0,trained,horizon_expired
2.6911344204961426e-05,0.010000000000005116,0.048120300751725326,14212.169079999998,0.5104,30,1.0,0.0,0.0,causal_edge|spread|price_return|1,0,trained,horizon_expired
2.6901617798908848e-05,0.010000000000005116,0.048120300751776625,17668.34826,0.5104,30,1.0,0.0,0.0,causal_edge|spread|price_return|1,0,trained,horizon_expired
0.0,0.010000000000005116,3.88148467156846e-13,2087.679,0.5104,30,1.0,0.0,0.0,causal_edge|spread|price_return|1,0,trained,horizon_expired
0.0,0.010000000000005116,4.5504641591581566e-14,2954.0440599999997,0.5104,30,1.0,0.0,0.0,causal_edge|spread|price_return|1,0,trained,horizon_expired
3.907302253901411e-05,0.010000000000005116,0.030075187969772356,3876.1728600000006,0.5104,30,1.0,0.0,0.0,causal_edge|spread|price_return|1,0,trained,horizon_expired
2.6888660188984922e-05,0.009999999999990905,0.038345864661880454,4290.605480000001,0.5104,30,1.0,0.0,0.0,causal_edge|spread|price_return|1,0,trained,horizon_expired
0.0,0.009999999999990905,4.5504641591581566e-14,3519.80484,0.5104,30,0.48,0.42,0.1,causal_edge|spread|price_return|1,0,trained,horizon_expired
2.689837722565124e-05,0.009999999999990905,0.06315789473692693,129.49566,0.8244,30,1.0,0.0,0.0,causal_edge|order_book_imbalance|price_return|2,0,trained,horizon_expired
2.688542273660836e-05,0.010000000000005116,0.04812030075180772,4500.70304,0.8244,30,0.98,0.02,0.0,causal_edge|order_book_imbalance|price_return|2,1,trained,horizon_expired
3.9172090873152106e-05,0.010000000000005116,9.912055977370687e-14,2093.2021999999997,0.8235,30,0.1,0.9,0.0,causal_edge|trade_intensity|price_return|2,0,trained,horizon_expired
3.92526577528308e-05,0.009999999999990905,0.03383458646624544,845.0860000000002,0.8235,30,0.08,0.53,0.39,causal_edge|trade_intensity|price_return|2,0,trained,horizon_expired
2.7002464301450955e-05,0.010000000000005116,0.07443609022579882,2195.553,0.8235,30,1.0,0.0,0.0,causal_edge|trade_intensity|price_return|2,0,trained,assumption_breach
2.702534082200145e-05,0.009999999999990905,0.05639097744374997,818.3675600000001,0.8235,30,0.07,0.18,0.75,causal_edge|trade_intensity|price_return|2,0,trained,horizon_expired
4.7673990530834387e-05,0.010000000000005116,0.032330827067940986,486.6977600000001,0.8235,30,1.0,0.0,0.0,causal_edge|trade_intensity|price_return|2,0,trained,horizon_expired
3.925740730308445e-05,0.010000000000005116,0.01278195488719354,1465.2836999999993,0.8235,30,0.1,0.26,0.64,causal_edge|trade_intensity|price_return|2,0,trained,horizon_expired
2.7015531854207026e-05,0.009999999999990905,0.056390977443487866,1618.0148000000002,0.8235,30,0.73,0.26,0.01,causal_edge|trade_intensity|price_return|2,0,trained,horizon_expired
2.701226378046598e-05,0.010000000000005116,0.0563909774436636,403.45128,0.6165,30,1.0,0.0,0.0,causal_edge|spread|price_return|1,0,trained,horizon_expired
2.7018800718878007e-05,0.010000000000005116,0.038345864661489974,798.31636,0.8475,30,0.06,0.38,0.56,causal_edge|trade_intensity|price_return|2,0,trained,horizon_expired
2.7028612060850563e-05,0.010000000000005116,0.048120300752178005,517.06244,0.6165,30,1.0,0.0,0.0,causal_edge|spread|price_return|1,0,trained,horizon_expired
2.705153292662969e-05,0.009999999999990905,0.056390977443597716,263.46896,0.8475,30,1.0,0.0,0.0,causal_edge|trade_intensity|price_return|2,0,trained,horizon_expired
0.0,0.010000000000005116,3.246777405669708e-14,1632.96348,0.6165,30,0.12,0.31,0.57,causal_edge|spread|price_return|1,0,trained,horizon_expired
2.7028612060850563e-05,0.010000000000005116,0.048120300752178005,784.7886399999999,0.8475,30,0.02,0.23,0.75,causal_edge|trade_intensity|price_return|2,0,trained,horizon_expired
2.704825613738805e-05,0.010000000000005116,0.014285714285959398,427.50069999999994,0.8475,30,0.02,0.59,0.39,causal_edge|trade_intensity|price_return|2,0,trained,horizon_expired
0.0,0.010000000000005116,1.2811891478703504e-14,2276.33536,0.6078,30,0.07,0.18,0.75,causal_edge|spread|price_return|1,0,trained,horizon_expired
0.0,0.009999999999990905,1.340996689827063e-13,1636.08578,0.6078,30,0.91,0.01,0.08,causal_edge|spread|price_return|1,0,trained,horizon_expired
0.0,0.010000000000005116,2.0709919436088385e-13,465.6197600000001,0.6078,30,0.92,0.0,0.08,causal_edge|spread|price_return|1,0,trained,horizon_expired
0.0,0.009999999999990905,1.2526043506285643e-13,276.02308,0.6078,30,0.14,0.78,0.08,causal_edge|spread|price_return|1,0,trained,horizon_expired
0.0,0.009999999999990905,1.2766870543231355e-13,555.9365,0.6078,30,1.0,0.0,0.0,causal_edge|spread|price_return|1,0,trained,horizon_expired
2.7061368059370376e-05,0.009999999999990905,0.07218045112757843,631.78712,0.8318,30,0.92,0.0,0.08,causal_edge|session_cos|price_return|2,0,trained,horizon_expired
0.0,0.009999999999990905,3.842637898465446e-14,1453.8394,0.6078,30,0.1,0.9,0.0,causal_edge|spread|price_return|1,0,trained,horizon_expired
2.7061368059370376e-05,0.009999999999990905,0.06842105263127668,1721.6501399999997,0.8318,30,0.92,0.08,0.0,causal_edge|session_cos|price_return|2,0,trained,horizon_expired
0.0,0.010000000000005116,1.340996689827063e-13,204.80180000000001,0.622,30,0.98,0.02,0.0,causal_edge|spread|price_return|1,0,trained,horizon_expired
0.0,0.010000000000005116,3.842637898465446e-14,418.07812000000007,0.8433,30,0.95,0.05,0.0,causal_edge|session_cos|price_return|2,0,trained,assumption_breach
0.0,0.010000000000005116,2.0709919436088385e-13,673.8467000000002,0.8484,30,0.06,0.34,0.6,causal_edge|session_sin|price_return|2,0,trained,assumption_breach
2.7077775849498486e-05,0.010000000000005116,0.06315789473695092,2365.0979199999997,0.622,30,0.14,0.75,0.11,causal_edge|spread|price_return|1,0,trained,horizon_expired
0.0,0.010000000000005116,1.2526043506285643e-13,448.1723999999999,0.8484,30,0.2,0.74,0.06,causal_edge|session_sin|price_return|2,0,trained,horizon_expired
0.0,0.009999999999990905,9.916429348301404e-14,1111.73082,0.622,30,0.06,0.34,0.6,causal_edge|spread|price_return|1,0,trained,horizon_expired
4.785936846397115e-05,0.009999999999990905,0.03984962406023457,95.53864000000002,1.0,30,0.44,0.56,0.0,trend_persistence,0,trained,horizon_expired
4.785936846397115e-05,0.009999999999990905,0.03984962406023457,95.53864000000002,0.000684,30,0.44,0.56,0.0,volatility_control,0,trained,horizon_expired
4.785936846397115e-05,0.009999999999990905,0.03984962406023457,95.53864000000002,0.166667,30,0.44,0.56,0.0,spread_constraint,0,trained,horizon_expired
0.0,0.010000000000005116,2.1402110743662408e-13,1159.3273400000003,0.8433,30,0.15,0.7,0.15,causal_edge|session_cos|price_return|2,0,trained,horizon_expired
0.0,0.010000000000005116,1.2381547284118215e-13,73.96554,0.8433,30,1.0,0.0,0.0,causal_edge|session_cos|price_return|2,0,trained,horizon_expired
0.0,0.010000000000005116,2.1402110743662408e-13,232.17811999999998,0.8433,30,0.98,0.02,0.0,causal_edge|session_cos|price_return|2,0,trained,assumption_breach
0.0,0.009999999999990905,1.879249658567817e-13,689.966,0.8389,30,0.08,0.35,0.57,causal_edge|session_cos|price_return|2,0,trained,horizon_expired
0.0,0.009999999999990905,9.771933126133977e-14,1069.68296,0.6248,30,0.96,0.0,0.04,causal_edge|spread|price_return|1,0,trained,horizon_expired
2.7117235842218555e-05,0.009999999999990905,0.06842105263179127,41.43374,0.6248,30,1.0,0.0,0.0,causal_edge|spread|price_return|1,0,trained,assumption_breach
0.0,0.009999999999990905,1.8503504141343318e-13,3575.6680000000006,0.6248,30,0.34,0.63,0.03,causal_edge|spread|price_return|1,0,trained,horizon_expired
0.0,0.010000000000005116,1.8503504141343318e-13,3945.7682399999994,0.8509,30,0.92,0.0,0.08,causal_edge|session_sin|price_return|2,0,trained,assumption_breach
0.0,0.010000000000005116,1.2381547284118215e-13,351.23835999999994,0.6248,30,0.07,0.18,0.75,causal_edge|spread|price_return|1,0,trained,assumption_breach
0.0,0.010000000000005116,3.751115996219615e-13,6882.477000000001,0.6248,30,0.07,0.11,0.82,causal_edge|spread|price_return|1,0,trained,horizon_expired
0.0,0.010000000000005116,3.751115996219615e-13,2612.17776,0.8509,30,1.0,0.0,0.0,causal_edge|session_sin|price_return|2,0,trained,horizon_expired
2.7035156915305163e-05,0.009999999999990905,0.03834586466195522,1576.8563599999993,0.8509,30,0.07,0.18,0.75,causal_edge|session_sin|price_return|2,0,trained,assumption_breach
0.0,0.010000000000005116,3.7944724910763034e-14,1265.0100000000002,0.657,30,0.02,0.19,0.79,causal_edge|spread|price_return|1,0,trained,horizon_expired
0.0,0.010000000000005116,1.2074679235657332e-13,1361.848,0.657,30,0.09,0.52,0.39,causal_edge|spread|price_return|1,0,trained,horizon_expired
2.705153292662969e-05,0.009999999999990905,0.014285714285605189,362.2343599999999,0.657,30,0.95,0.0,0.05,causal_edge|spread|price_return|1,0,trained,horizon_expired
3.929544512280042e-05,0.009999999999990905,0.060902255639028416,614.2072400000001,0.657,30,0.1,0.86,0.04,causal_edge|spread|price_return|1,0,trained,horizon_expired
4.770286111201548e-05,0.009999999999990905,0.06541353383475318,215.2998,0.657,30,1.0,0.0,0.0,causal_edge|spread|price_return|1,0,trained,horizon_expired
2.7054810509776193e-05,0.010000000000005116,0.07443609022562958,285.898,0.8537,30,0.95,0.0,0.05,causal_edge|trade_intensity|price_return|2,0,trained,horizon_expired
4.7749126844022976e-05,0.009999999999990905,0.01654135338342169,1002.80512,0.8537,30,0.1,0.86,0.04,causal_edge|trade_intensity|price_return|2,0,trained,horizon_expired
2.7084344537956613e-05,0.010000000000005116,0.02706766917299563,368.69992000000013,0.8537,30,1.0,0.0,0.0,causal_edge|trade_intensity|price_return|2,0,trained,horizon_expired
2.709091641413214e-05,0.010000000000005116,0.038345864661875964,1334.6601,0.657,30,0.96,0.0,0.04,causal_edge|spread|price_return|1,0,trained,horizon_expired
2.709420354813454e-05,0.010000000000005116,0.02706766917322294,1536.2899999999997,0.657,30,0.2,0.74,0.06,causal_edge|spread|price_return|1,0,trained,horizon_expired
3.937174232884658e-05,0.009999999999990905,0.05789473684236622,1779.4035800000001,0.657,30,1.0,0.0,0.0,causal_edge|spread|price_return|1,1,trained,horizon_expired
2.709091641413214e-05,0.010000000000005116,0.0721804511279921,2288.601,0.8415,30,1.0,0.0,0.0,causal_edge|volume|price_return|4,0,trained,horizon_expired
0.0,0.010000000000005116,4.1167998883604443e-13,297.98048,0.8415,30,0.98,0.0,0.02,causal_edge|volume|price_return|4,0,trained,assumption_breach
0.0,0.010000000000005116,2.1402110743662408e-13,68.92399999999999,0.8415,30,1.0,0.0,0.0,causal_edge|volume|price_return|4,0,trained,horizon_expired
3.9381300316642324e-05,0.010000000000005116,0.045112781954951955,22.244080000000004,0.8415,30,0.99,0.01,0.0,causal_edge|volume|price_return|4,0,trained,horizon_expired
0.0,0.010000000000005116,2.1113118299327555e-13,485.06212000000005,0.8415,30,1.0,0.0,0.0,causal_edge|volume|price_return|4,0,trained,horizon_expired
0.0,0.010000000000005116,9.86826394091226e-14,1218.95366,0.8415,30,0.97,0.03,0.0,causal_edge|volume|price_return|4,0,trained,assumption_breach
0.0,0.009999999999990905,3.485338039682277e-13,3705.19728,0.8415,30,1.0,0.0,0.0,causal_edge|volume|price_return|4,1,trained,horizon_expired
0.0,0.009999999999990905,1.340996689827063e-13,652.1428000000001,0.848,30,0.99,0.01,0.0,causal_edge|spread|price_return|1,0,trained,horizon_expired
2.7048256137388046e-05,0.010000000000005116,0.04812030075181624,984.5860000000002,0.848,30,1.0,0.0,0.0,causal_edge|spread|price_return|1,0,trained,horizon_expired
3.9300205033959435e-05,0.010000000000005116,0.01127819548883,1282.37886,0.848,30,1.0,0.0,0.0,causal_edge|spread|price_return|1,0,trained,horizon_expired
3.929068636487025e-05,0.010000000000005116,0.05413533834620585,1752.3922,0.848,30,0.99,0.01,0.0,causal_edge|spread|price_return|1,0,trained,assumption_breach
0.0,0.010000000000005116,3.485338039682277e-13,1762.2968799999999,0.848,30,1.0,0.0,0.0,causal_edge|spread|price_return|1,0,trained,horizon_expired
3.93144916882504e-05,0.010000000000005116,0.018045112781992955,1800.6881800000003,0.848,30,1.0,0.0,0.0,causal_edge|spread|price_return|1,0,trained,horizon_expired
0.0,0.010000000000005116,3.7944724910763034e-14,464.77484,0.848,30,1.0,0.0,0.0,causal_edge|spread|price_return|1,0,trained,horizon_expired
0.0,0.010000000000005116,3.485338039682277e-13,490.61300000000006,0.848,30,1.0,0.0,0.0,causal_edge|spread|price_return|1,0,trained,horizon_expired
2.7041704940024347e-05,0.010000000000005116,0.07443609022565519,726.2339999999999,0.848,30,1.0,0.0,0.0,causal_edge|spread|price_return|1,0,trained,horizon_expired
0.0,0.009999999999990905,2.583281693727858e-13,0.13104,0.848,30,1.0,0.0,0.0,causal_edge|spread|price_return|1,0,trained,assumption_breach
4.773755199993915e-05,0.010000000000005116,0.06390977443594577,2866.9123200000004,0.848,30,1.0,0.0,0.0,causal_edge|spread|price_return|1,0,trained,assumption_breach
3.9352640264330234e-05,0.010000000000005116,0.04511278195513158,425.0603,0.848,30,1.0,0.0,0.0,causal_edge|spread|price_return|1,0,trained,horizon_expired
0.0,0.010000000000005116,1.2811891478703504e-14,1424.1168400000001,0.848,30,1.0,0.0,0.0,causal_edge|spread|price_return|1,0,trained,horizon_expired
2.7061368059370376e-05,0.009999999999990905,0.056390977443725655,1545.4661999999998,0.7941,30,1.0,0.0,0.0,causal_edge|bollinger_width|price_return|1,0,trained,horizon_expired
0.0,0.009999999999990905,1.2766870543231355e-13,1278.5158200000003,0.8502,30,1.0,0.0,0.0,causal_edge|spread|price_return|1,0,trained,horizon_expired
0.0,0.010000000000005116,3.842637898465446e-14,159.09567999999996,0.8502,30,1.0,0.0,0.0,causal_edge|spread|price_return|1,0,trained,horizon_expired
0.0,0.010000000000005116,1.7841602637032406e-13,761.3389199999999,0.8502,30,1.0,0.0,0.0,causal_edge|spread|price_return|1,0,trained,horizon_expired
2.7041704940024347e-05,0.010000000000005116,0.027067669173049272,203.46101999999996,0.7941,30,1.0,0.0,0.0,causal_edge|bollinger_width|price_return|1,0,trained,horizon_expired
3.928592875930444e-05,0.010000000000005116,0.011278195488917467,458.0369799999999,0.7941,30,0.14,0.73,0.13,causal_edge|bollinger_width|price_return|1,0,trained,horizon_expired
0.0,0.010000000000005116,1.729390755162581e-13,14.416000000000002,0.8409,30,1.0,0.0,0.0,causal_edge|trade_intensity|price_return|3,0,trained,assumption_breach
2.7054810509776193e-05,0.010000000000005116,0.04812030075228852,432.82442,0.7941,30,1.0,0.0,0.0,causal_edge|bollinger_width|price_return|1,0,trained,horizon_expired
0.0,0.009999999999990905,1.2074679235657332e-13,298.409,0.7941,30,1.0,0.0,0.0,causal_edge|bollinger_width|price_return|1,0,trained,horizon_expired
0.0,0.009999999999990905,2.583281693727858e-13,358.12084000000004,0.7941,30,0.14,0.68,0.18,causal_edge|bollinger_width|price_return|1,0,trained,horizon_expired
2.704498014185293e-05,0.009999999999990905,0.07443609022529933,506.51394,0.7941,30,0.92,0.08,0.0,causal_edge|bollinger_width|price_return|1,0,trained,horizon_expired
0.0,0.009999999999990905,1.2074679235657332e-13,377.823,0.7941,30,1.0,0.0,0.0,causal_edge|bollinger_width|price_return|1,0,trained,horizon_expired
2.7048256137388046e-05,0.010000000000005116,0.0631578947365324,572.0769200000001,0.7941,30,1.0,0.0,0.0,causal_edge|bollinger_width|price_return|1,0,trained,horizon_expired
2.705153292662969e-05,0.009999999999990905,0.056390977443597716,618.8797599999999,0.8086,30,0.97,0.01,0.02,causal_edge|bollinger_width|price_return|1,0,trained,horizon_expired
0.0,0.009999999999990905,3.485338039682277e-13,109.00527999999998,0.7422,30,0.09,0.52,0.39,causal_edge|ema_spread|price_return|1,0,trained,horizon_expired
0.0,0.009999999999990905,3.842637898465446e-14,246.05500000000004,0.7422,30,1.0,0.0,0.0,causal_edge|ema_spread|price_return|1,0,trained,horizon_expired
0.0,0.009999999999990905,3.842637898465446e-14,358.06751999999994,0.7422,30,0.98,0.0,0.02,causal_edge|ema_spread|price_return|1,0,trained,horizon_expired
0.0,0.009999999999990905,1.340996689827063e-13,403.22798,0.8086,30,0.96,0.0,0.04,causal_edge|bollinger_width|price_return|1,0,trained,horizon_expired
0.0,0.009999999999990905,1.340996689827063e-13,1775.15762,0.7422,30,1.0,0.0,0.0,causal_edge|ema_spread|price_return|1,0,trained,horizon_expired
3.929068636487025e-05,0.010000000000005116,0.04210526315805116,67.38806,0.7422,30,0.07,0.11,0.82,causal_edge|ema_spread|price_return|1,0,trained,assumption_breach
2.7061368059370376e-05,0.009999999999990905,0.06315789473661522,812.70592,0.7422,30,1.0,0.0,0.0,causal_edge|ema_spread|price_return|1,0,trained,horizon_expired
0.0,0.009999999999990905,1.340996689827063e-13,52.31399999999999,0.7564,30,0.1,0.88,0.02,causal_edge|btc_return|price_return|1,0,trained,assumption_breach
2.709091641413214e-05,0.010000000000005116,0.0721804511279921,85.40331999999998,1.0,30,0.92,0.0,0.08,trend_persistence,0,trained,horizon_expired
2.709091641413214e-05,0.010000000000005116,0.0721804511279921,85.40331999999998,0.000387,30,0.92,0.0,0.08,volatility_control,0,trained,horizon_expired
2.709091641413214e-05,0.010000000000005116,0.0721804511279921,85.40331999999998,0.166667,30,0.92,0.0,0.08,spread_constraint,0,trained,horizon_expired
0.0,0.010000000000005116,1.2381547284118215e-13,618.61126,0.7422,30,0.98,0.02,0.0,causal_edge|ema_spread|price_return|1,0,trained,horizon_expired
3.937652074267207e-05,0.010000000000005116,0.024060150376307286,442.59242000000006,0.8508,30,1.0,0.0,0.0,causal_edge|spread|price_return|1,0,trained,horizon_expired
0.0,0.010000000000005116,9.86826394091226e-14,710.04584,0.7422,30,1.0,0.0,0.0,causal_edge|ema_spread|price_return|1,0,trained,horizon_expired
3.933832587549057e-05,0.010000000000005116,0.012030075187861828,1195.348,0.8304,30,1.0,0.0,0.0,causal_edge|spread|price_return|1,0,trained,horizon_expired
0.0,0.009999999999990905,9.320568855505665e-14,15.793000000000001,0.7257,30,1.0,0.0,0.0,causal_edge|ema_spread|price_return|1,0,trained,horizon_expired
0.0,0.010000000000005116,3.842637898465446e-14,548.4340000000001,0.7257,30,1.0,0.0,0.0,causal_edge|ema_spread|price_return|1,0,trained,assumption_breach
0.0,0.009999999999990905,2.2592902184108279e-13,2124.803,0.7257,30,0.0,0.0,1.0,causal_edge|ema_spread|price_return|1,0,trained,horizon_expired
0.0,0.009999999999990905,5.356861885636494e-14,2717.435,0.728,30,0.99,0.0,0.01,causal_edge|btc_return|price_return|1,0,trained,assumption_breach
0.0,0.009999999999990905,2.235076404130083e-13,6170.443000000002,0.728,30,1.0,0.0,0.0,causal_edge|btc_return|price_return|1,0,trained,horizon_expired
2.6976367084220074e-05,0.010000000000005116,0.05639097744340587,846.2280000000001,0.8304,30,1.0,0.0,0.0,causal_edge|spread|price_return|1,0,trained,horizon_expired
2.6982886658268925e-05,0.010000000000005116,0.014285714285811341,980.9464000000002,0.8304,30,1.0,0.0,0.0,causal_edge|spread|price_return|1,0,trained,horizon_expired
0.0,0.010000000000005116,2.2368639645426857e-13,88.9962,0.728,30,0.98,0.02,0.0,causal_edge|btc_return|price_return|1,0,trained,horizon_expired
0.0,0.010000000000005116,1.0979289064844141e-13,109.47900000000001,0.728,30,1.0,0.0,0.0,causal_edge|btc_return|price_return|1,0,trained,horizon_expired
0.0,0.009999999999990905,2.547778348142855e-13,419.6204,0.8199,30,0.99,0.0,0.01,causal_edge|price_in_band|price_return|1,0,trained,horizon_expired
0.0,0.010000000000005116,1.7841602637032406e-13,571.54368,0.8526,30,1.0,0.0,0.0,causal_edge|btc_return|price_return|3,0,trained,horizon_expired
0.0,0.009999999999990905,1.7841602637032406e-13,214.498,0.8526,30,1.0,0.0,0.0,causal_edge|btc_return|price_return|3,0,trained,horizon_expired
0.0,0.010000000000005116,3.246777405669708e-14,729.2241600000002,0.8526,30,1.0,0.0,0.0,causal_edge|btc_return|price_return|3,0,trained,horizon_expired
0.0,0.009999999999990905,1.1526984150250737e-13,401.2953599999999,0.8526,30,1.0,0.0,0.0,causal_edge|btc_return|price_return|3,0,trained,horizon_expired
0.0,0.010000000000005116,9.061866214433924e-14,332.24739999999997,0.8526,30,1.0,0.0,0.0,causal_edge|btc_return|price_return|3,0,trained,horizon_expired
0.0,0.010000000000005116,2.0547547609794927e-13,54.07299999999999,0.8526,30,1.0,0.0,0.0,causal_edge|btc_return|price_return|3,0,trained,assumption_breach
2.6979626477564473e-05,0.009999999999990905,0.014285714285695356,1583.6570000000002,0.8526,30,1.0,0.0,0.0,causal_edge|btc_return|price_return|3,1,trained,horizon_expired
0.0,0.010000000000005116,2.2368639645426857e-13,80.97286,0.8291,30,1.0,0.0,0.0,causal_edge|trade_intensity|price_return|3,0,trained,horizon_expired
2.6973108478830706e-05,0.010000000000005116,0.03834586466147899,766.4922000000001,0.8291,30,1.0,0.0,0.0,causal_edge|trade_intensity|price_return|3,0,trained,assumption_breach
0.0,0.009999999999990905,2.2368639645426857e-13,40.747679999999995,0.8291,30,1.0,0.0,0.0,causal_edge|trade_intensity|price_return|3,0,trained,horizon_expired
2.6992671930095746e-05,0.010000000000005116,0.0751879699253017,15.473020000000002,0.8291,30,1.0,0.0,0.0,causal_edge|trade_intensity|price_return|3,0,trained,horizon_expired
2.6982886658268925e-05,0.010000000000005116,0.056390977443751086,311.9613,0.8291,30,0.99,0.0,0.01,causal_edge|trade_intensity|price_return|3,0,trained,horizon_expired
0.0,0.010000000000005116,2.2561301274983428e-13,557.2770000000002,0.8291,30,1.0,0.0,0.0,causal_edge|trade_intensity|price_return|3,0,trained,horizon_expired
2.6963337383253e-05,0.009999999999990905,0.02706766917275817,1234.9344800000001,0.8291,30,1.0,0.0,0.0,causal_edge|trade_intensity|price_return|3,0,trained,horizon_expired
2.695682725177325e-05,0.010000000000005116,0.06315789473701876,158.11988,0.8291,30,1.0,0.0,0.0,causal_edge|trade_intensity|price_return|3,1,trained,horizon_expired
2.6986147627126732e-05,0.010000000000005116,0.07218045112782553,223.83794,0.8225,30,1.0,0.0,0.0,causal_edge|bollinger_width|price_return|1,0,trained,horizon_expired
3.9214702684056654e-05,0.009999999999990905,0.011278195488620144,417.69766,0.8225,30,0.96,0.0,0.04,causal_edge|bollinger_width|price_return|1,0,trained,horizon_expired
2.6995935264603602e-05,0.010000000000005116,0.0721804511281482,88.80504,0.8225,30,0.99,0.0,0.01,causal_edge|bollinger_width|price_return|1,0,trained,horizon_expired
0.0,0.010000000000005116,2.547778348142855e-13,679.4117200000001,0.8225,30,0.93,0.06,0.01,causal_edge|bollinger_width|price_return|1,0,trained,horizon_expired
2.6999199388256455e-05,0.009999999999990905,0.07443609022525481,783.1775,0.8225,30,1.0,0.0,0.0,causal_edge|bollinger_width|price_return|1,0,trained,horizon_expired
2.6989409384336234e-05,0.009999999999990905,0.05639097744317905,403.7738,0.8225,30,1.0,0.0,0.0,causal_edge|bollinger_width|price_return|1,0,trained,horizon_expired
2.6979626477564477e-05,0.009999999999990905,0.07443609022525191,700.278,0.8225,30,1.0,0.0,0.0,causal_edge|bollinger_width|price_return|1,0,trained,horizon_expired
0.0,0.010000000000005116,2.2368639645426857e-13,75.90806,0.8225,30,1.0,0.0,0.0,causal_edge|bollinger_width|price_return|1,0,trained,horizon_expired
0.0,0.010000000000005116,1.4184763715624115e-13,400.88338000000005,0.8253,30,1.0,0.0,0.0,causal_edge|bollinger_width|price_return|1,0,trained,horizon_expired
0.0,0.010000000000005116,1.4184763715624115e-13,182.65287999999998,0.8253,30,0.99,0.0,0.01,causal_edge|bollinger_width|price_return|1,0,trained,horizon_expired
2.6976367084220074e-05,0.010000000000005116,0.07518796992467199,86.2744,0.8253,30,1.0,0.0,0.0,causal_edge|bollinger_width|price_return|1,0,trained,horizon_expired
0.0,0.009999999999990905,1.382973025977409e-13,274.43343999999996,0.8253,30,1.0,0.0,0.0,causal_edge|bollinger_width|price_return|1,0,trained,horizon_expired
0.0,0.009999999999990905,1.382973025977409e-13,612.2661,0.8253,30,1.0,0.0,0.0,causal_edge|bollinger_width|price_return|1,0,trained,horizon_expired
3.916736194298762e-05,0.010000000000005116,0.04135338345884758,676.5559399999999,0.8253,30,1.0,0.0,0.0,causal_edge|bollinger_width|price_return|1,0,trained,horizon_expired
0.0,0.009999999999990905,5.549523515193063e-14,49.34400000000001,0.8253,30,1.0,0.0,0.0,causal_edge|bollinger_width|price_return|1,0,trained,horizon_expired
2.6963337383253e-05,0.009999999999990905,0.0744360902258187,284.74143999999995,0.8253,30,1.0,0.0,0.0,causal_edge|bollinger_width|price_return|1,0,trained,horizon_expired
0.0,0.010000000000005116,1.2381547284118215e-13,618.565,1.0,30,1.0,0.0,0.0,trend_persistence,0,trained,horizon_expired
0.0,0.010000000000005116,1.2381547284118215e-13,618.565,0.0,30,1.0,0.0,0.0,volatility_control,0,trained,horizon_expired
0.0,0.010000000000005116,1.2381547284118215e-13,618.565,0.166667,30,1.0,0.0,0.0,spread_constraint,0,trained,horizon_expired
0.0,0.010000000000005116,1.4591959272824933e-14,479.80387999999994,0.8253,30,1.0,0.0,0.0,causal_edge|bollinger_width|price_return|1,0,trained,horizon_expired
0.0,0.010000000000005116,2.2013606189576835e-13,524.321,0.8253,30,1.0,0.0,0.0,causal_edge|bollinger_width|price_return|1,0,trained,horizon_expired
0.0,0.010000000000005116,2.7587867961395335e-13,304.16244000000006,0.8253,30,0.0,0.0,1.0,causal_edge|bollinger_width|price_return|1,0,trained,horizon_expired
2.6947067946763546e-05,0.010000000000005116,0.07218045112750075,582.4429000000001,0.8253,30,1.0,0.0,0.0,causal_edge|bollinger_width|price_return|1,0,trained,horizon_expired
3.919101801746104e-05,0.010000000000005116,0.030075187969764775,5.859,0.844,30,0.53,0.35,0.12,causal_edge|bollinger_width|price_return|1,0,trained,horizon_expired
2.696008192472557e-05,0.010000000000005116,0.048120300752130536,58.690639999999995,0.754,30,1.0,0.0,0.0,causal_edge|btc_return|price_return|1,0,trained,horizon_expired
2.6950320262990564e-05,0.010000000000005116,0.06315789473666669,471.61694000000006,0.754,30,0.96,0.0,0.04,causal_edge|btc_return|price_return|1,0,trained,horizon_expired
3.916263415481362e-05,0.009999999999990905,0.0037593984961540746,239.59346000000005,0.754,30,1.0,0.0,0.0,causal_edge|btc_return|price_return|1,0,trained,horizon_expired
3.9181552159452536e-05,0.010000000000005116,0.033834586466423795,1515.9238799999998,0.754,30,0.01,0.0,0.99,causal_edge|btc_return|price_return|1,0,trained,horizon_expired
2.6976367084220074e-05,0.010000000000005116,0.06842105263165364,191.42449999999997,0.754,30,1.0,0.0,0.0,causal_edge|btc_return|price_return|1,0,trained,horizon_expired
0.0,0.010000000000005116,2.8328224676358504e-13,313.639,0.754,30,0.01,0.0,0.99,causal_edge|btc_return|price_return|1,0,trained,horizon_expired
0.0,0.010000000000005116,2.2368639645426857e-13,1079.6857,0.754,30,0.96,0.0,0.04,causal_edge|btc_return|price_return|1,0,trained,horizon_expired
0.0,0.010000000000005116,2.2368639645426857e-13,1240.3564599999997,0.754,30,1.0,0.0,0.0,causal_edge|btc_return|price_return|1,0,trained,horizon_expired
2.6982886658268925e-05,0.010000000000005116,0.04812030075173554,37.845459999999996,0.754,30,0.96,0.0,0.04,causal_edge|btc_return|price_return|1,0,trained,horizon_expired
2.696985066000807e-05,0.009999999999990905,0.03834586466194522,157.48032,0.8092,30,1.0,0.0,0.0,causal_edge|volume|price_return|4,0,trained,horizon_expired
0.0,0.010000000000005116,1.4591959272824933e-14,665.68252,0.8092,30,1.0,0.0,0.0,causal_edge|volume|price_return|4,0,trained,horizon_expired
0.0,0.009999999999990905,1.4118722704108946e-13,685.6090600000002,0.8092,30,1.0,0.0,0.0,causal_edge|volume|price_return|4,0,trained,horizon_expired
0.0,0.010000000000005116,2.1803068955894233e-13,1493.5920000000003,0.8092,30,0.01,0.0,0.99,causal_edge|volume|price_return|4,0,trained,assumption_breach
0.0,0.010000000000005116,1.3685234037606663e-13,5004.168,0.8092,30,1.0,0.0,0.0,causal_edge|volume|price_return|4,0,trained,assumption_breach
4.7645154874660285e-05,0.010000000000005116,0.030827067668919055,2.61098,0.8092,30,1.0,0.0,0.0,causal_edge|volume|price_return|4,1,trained,horizon_expired
0.0,0.010000000000005116,2.2592902184108279e-13,265.54774,0.7727,30,1.0,0.0,0.0,causal_edge|bollinger_width|price_return|3,0,trained,assumption_breach
0.0,0.009999999999990905,2.583281693727858e-13,1300.26416,0.7727,30,1.0,0.0,0.0,causal_edge|bollinger_width|price_return|3,0,trained,horizon_expired
0.0,0.010000000000005116,2.583281693727858e-13,506.6901599999999,0.7727,30,1.0,0.0,0.0,causal_edge|bollinger_width|price_return|3,0,trained,horizon_expired
3.929068636487025e-05,0.010000000000005116,0.012030075187871272,1403.53312,0.7727,30,1.0,0.0,0.0,causal_edge|bollinger_width|price_return|3,0,trained,assumption_breach
0.0,0.010000000000005116,3.842637898465446e-14,467.84564,0.7727,30,1.0,0.0,0.0,causal_edge|bollinger_width|price_return|3,0,trained,horizon_expired
0.0,0.010000000000005116,3.751115996219615e-13,100.84599999999999,0.7727,30,1.0,0.0,0.0,causal_edge|bollinger_width|price_return|3,0,trained,assumption_breach
2.7061368059370376e-05,0.009999999999990905,0.038345864661701125,22.717799999999997,0.7727,30,0.99,0.0,0.01,causal_edge|bollinger_width|price_return|3,0,trained,horizon_expired
2.7067928788748866e-05,0.010000000000005116,0.06315789473670685,109.55663999999997,0.8007,30,1.0,0.0,0.0,causal_edge|bollinger_width|price_return|3,0,trained,horizon_expired
2.7061368059370376e-05,0.009999999999990905,0.07518796992479652,90.69196,0.8007,30,1.0,0.0,0.0,causal_edge|bollinger_width|price_return|3,0,trained,horizon_expired
2.70580888872242e-05,0.010000000000005116,0.014285714285596341,1032.70404,0.8007,30,0.01,0.01,0.98,causal_edge|bollinger_width|price_return|3,0,trained,horizon_expired
4.7749126844022976e-05,0.009999999999990905,0.002255639098001689,992.9458999999998,0.8007,30,0.01,0.0,0.99,causal_edge|bollinger_width|price_return|3,0,trained,horizon_expired
2.7087630077406167e-05,0.009999999999990905,0.0721804511275157,891.19464,0.6218,30,0.01,0.0,0.99,causal_edge|trade_intensity|price_return|1,0,trained,horizon_expired
0.0,0.010000000000005116,4.1167998883604443e-13,59.971,0.6218,30,0.35,0.53,0.12,causal_edge|trade_intensity|price_return|1,0,trained,horizon_expired
4.776649963910886e-05,0.009999999999990905,0.04360902255619815,129.37118,0.6218,30,1.0,0.0,0.0,causal_edge|trade_intensity|price_return|1,0,trained,horizon_expired
0.0,0.010000000000005116,1.24778780988965e-13,256.06428,0.6218,30,1.0,0.0,0.0,causal_edge|trade_intensity|price_return|1,0,trained,horizon_expired
2.709091641413214e-05,0.010000000000005116,0.07518796992480199,339.18634,0.6218,30,1.0,0.0,0.0,causal_edge|trade_intensity|price_return|1,0,trained,horizon_expired
0.0,0.010000000000005116,1.2381547284118215e-13,378.25422,0.6218,30,1.0,0.0,0.0,causal_edge|trade_intensity|price_return|1,0,trained,horizon_expired
3.9362188979036426e-05,0.010000000000005116,0.012030075188149119,129.74469999999997,0.6218,30,1.0,0.0,0.0,causal_edge|trade_intensity|price_return|1,0,trained,horizon_expired
0.0,0.009999999999990905,9.916429348301404e-14,372.4387999999999,0.6218,30,1.0,0.0,0.0,causal_edge|trade_intensity|price_return|1,0,trained,horizon_expired
2.7097491480405e-05,0.009999999999990905,0.05639097744366831,491.74835999999993,0.6218,30,0.99,0.0,0.01,causal_edge|trade_intensity|price_return|1,0,trained,horizon_expired
3.937174232884658e-05,0.009999999999990905,0.04135338345851568,659.3344400000001,0.6218,30,1.0,0.0,0.0,causal_edge|trade_intensity|price_return|1,0,trained,horizon_expired
0.0,0.009999999999990905,9.771933126133977e-14,211.12224000000006,0.6218,30,1.0,0.0,0.0,causal_edge|trade_intensity|price_return|1,0,trained,horizon_expired
2.7113943117563147e-05,0.010000000000005116,0.07443609022560681,427.92172000000005,0.6218,30,0.98,0.02,0.0,causal_edge|trade_intensity|price_return|1,0,trained,horizon_expired
0.0,0.010000000000005116,1.732553418498661e-14,1055.3238999999999,0.6218,30,1.0,0.0,0.0,causal_edge|trade_intensity|price_return|1,0,trained,horizon_expired
0.0,0.010000000000005116,2.1113118299327555e-13,54.431,0.6218,30,0.0,0.0,1.0,causal_edge|trade_intensity|price_return|1,0,trained,horizon_expired
0.0,0.010000000000005116,9.627436903966548e-14,1166.74032,0.6218,30,0.01,0.0,0.99,causal_edge|trade_intensity|price_return|1,0,trained,horizon_expired
2.7100780210348532e-05,0.010000000000005116,0.03834586466152553,178.44375999999997,0.6422,30,0.0,0.0,1.0,causal_edge|trade_intensity|price_return|1,0,trained,horizon_expired
2.7097491480405e-05,0.009999999999990905,0.05639097744341328,342.53906,0.6422,30,1.0,0.0,0.0,causal_edge|trade_intensity|price_return|1,0,trained,horizon_expired
0.0,0.010000000000005116,2.1113118299327555e-13,694.1121599999999,0.6422,30,1.0,0.0,0.0,causal_edge|trade_intensity|price_return|1,0,trained,horizon_expired
2.7113943117563147e-05,0.010000000000005116,0.06315789473688029,533.00048,0.6422,30,1.0,0.0,0.0,causal_edge|trade_intensity|price_return|1,0,trained,horizon_expired
0.0,0.010000000000005116,1.2881076962135667e-13,502.895,0.6422,30,1.0,0.0,0.0,causal_edge|trade_intensity|price_return|1,0,trained,assumption_breach
0.0,0.010000000000005116,2.1708978792123293e-13,1628.4820000000002,0.6422,30,1.0,0.0,0.0,causal_edge|trade_intensity|price_return|1,0,trained,horizon_expired
0.0,0.009999999999990905,2.7475902193498364e-13,332.48244,0.6422,30,0.57,0.33,0.1,causal_edge|trade_intensity|price_return|1,0,trained,horizon_expired
0.0,0.010000000000005116,1.8503504141343318e-13,382.12021999999996,0.6422,30,1.0,0.0,0.0,causal_edge|trade_intensity|price_return|1,0,trained,horizon_expired
0.0,0.010000000000005116,2.2013606189576835e-13,524.321,1.0,30,1.0,0.0,0.0,trend_persistence,0,trained,horizon_expired
0.0,0.010000000000005116,2.2013606189576835e-13,524.321,0.0,30,1.0,0.0,0.0,volatility_control,0,trained,horizon_expired
0.0,0.010000000000005116,2.2013606189576835e-13,524.321,0.166667,30,1.0,0.0,0.0,spread_constraint,0,trained,horizon_expired
0.0,0.010000000000005116,9.627436903966548e-14,515.795,0.6422,30,1.0,0.0,0.0,causal_edge|trade_intensity|price_return|1,0,trained,horizon_expired
5.571385687653685e-05,0.010000000000005116,0.027067669172745744,548.1153199999999,0.6422,30,1.0,0.0,0.0,causal_edge|trade_intensity|price_return|1,0,trained,horizon_expired
2.7110651191969108e-05,0.010000000000005116,0.0270676691727406,8.888599999999999,0.6422,30,0.99,0.0,0.01,causal_edge|trade_intensity|price_return|1,0,trained,horizon_expired
3.939564600345597e-05,0.010000000000005116,0.047368421052428784,188.22403999999997,0.6422,30,1.0,0.0,0.0,causal_edge|trade_intensity|price_return|1,0,trained,horizon_expired
3.939564600345597e-05,0.010000000000005116,0.0037593984964509803,340.27374,0.6422,30,0.0,0.0,1.0,causal_edge|trade_intensity|price_return|1,0,trained,horizon_expired
0.0,0.010000000000005116,1.2881076962135667e-13,348.8342400000001,0.6422,30,0.89,0.07,0.04,causal_edge|trade_intensity|price_return|1,0,trained,horizon_expired
0.0,0.010000000000005116,2.1016787484549268e-13,469.17556,0.6422,30,1.0,0.0,0.0,causal_edge|trade_intensity|price_return|1,0,trained,horizon_expired
0.0,0.010000000000005116,2.1016787484549268e-13,96.6783,0.6422,30,0.54,0.39,0.07,causal_edge|trade_intensity|price_return|1,0,trained,horizon_expired
2.712052936712529e-05,0.010000000000005116,0.048120300752179684,340.95779999999996,0.6447,30,0.18,0.82,0.0,causal_edge|trade_intensity|price_return|1,0,trained,horizon_expired
0.0,0.010000000000005116,2.1113118299327555e-13,846.19984,0.6447,30,0.3,0.63,0.07,causal_edge|trade_intensity|price_return|1,0,trained,horizon_expired
2.7097491480405e-05,0.009999999999990905,0.06315789473667281,6.204,0.6447,30,1.0,0.0,0.0,causal_edge|trade_intensity|price_return|1,0,trained,horizon_expired
3.935741404247544e-05,0.009999999999990905,0.02631578947377451,127.60284,0.6447,30,1.0,0.0,0.0,causal_edge|trade_intensity|price_return|1,0,trained,horizon_expired
0.0,0.010000000000005116,1.24778780988965e-13,227.89357999999996,0.6447,30,0.06,0.04,0.9,causal_edge|trade_intensity|price_return|1,0,trained,horizon_expired
0.0,0.009999999999990905,1.2429712691507356e-13,474.52844,0.8146,30,0.27,0.64,0.09,causal_edge|bollinger_width|price_return|4,0,trained,assumption_breach
0.0,0.010000000000005116,2.1016787484549268e-13,553.78456,0.6447,30,0.99,0.0,0.01,causal_edge|trade_intensity|price_return|1,0,trained,horizon_expired
3.9414789851049975e-05,0.009999999999990905,0.02706766917292395,504.7374,0.6447,30,0.99,0.01,0.0,causal_edge|trade_intensity|price_return|1,0,trained,horizon_expired
2.7117235842218555e-05,0.009999999999990905,0.04812030075157798,796.2143999999998,0.6447,30,0.04,0.03,0.93,causal_edge|trade_intensity|price_return|1,0,trained,horizon_expired
2.7150207130361903e-05,0.010000000000005116,0.027067669172783894,2628.0749000000005,0.8146,30,0.98,0.02,0.0,causal_edge|bollinger_width|price_return|4,0,trained,horizon_expired
0.0,0.010000000000005116,1.0464124433708e-13,407.39704000000006,0.6172,30,1.0,0.0,0.0,causal_edge|trade_intensity|price_return|1,0,trained,horizon_expired
2.7123823691886715e-05,0.010000000000005116,0.05639097744367427,7.642919999999999,0.6172,30,0.01,0.0,0.99,causal_edge|trade_intensity|price_return|1,0,trained,horizon_expired
0.0,0.010000000000005116,1.2881076962135667e-13,147.59162,0.6172,30,1.0,0.0,0.0,causal_edge|trade_intensity|price_return|1,0,trained,horizon_expired
0.0,0.009999999999990905,2.1016787484549268e-13,4.87774,0.8387,30,1.0,0.0,0.0,causal_edge|bollinger_width|price_return|4,0,trained,horizon_expired
4.78303081879983e-05,0.009999999999990905,0.03233082706794782,559.9186,0.6172,30,1.0,0.0,0.0,causal_edge|trade_intensity|price_return|1,0,trained,horizon_expired
2.7113943117563147e-05,0.010000000000005116,0.05639097744324879,586.1877,0.6172,30,0.46,0.47,0.07,causal_edge|trade_intensity|price_return|1,0,trained,horizon_expired
2.7107360066031427e-05,0.009999999999990905,0.048120300751633725,191.78439999999998,0.6172,30,0.99,0.0,0.01,causal_edge|trade_intensity|price_return|1,0,trained,horizon_expired
0.0,0.010000000000005116,2.1113118299327555e-13,1698.71684,0.8242,30,1.0,0.0,0.0,causal_edge|trade_intensity|price_return|3,0,trained,horizon_expired
2.7097491480405e-05,0.009999999999990905,0.06842105263138654,16.249000000000002,0.6172,30,1.0,0.0,0.0,causal_edge|trade_intensity|price_return|1,0,trained,horizon_expired
0.0,0.010000000000005116,2.1402110743662408e-13,243.12692000000004,0.6172,30,0.97,0.03,0.0,causal_edge|trade_intensity|price_return|1,0,trained,horizon_expired
0.0,0.009999999999990905,2.0709919436088385e-13,569.9490000000001,0.6172,30,1.0,0.0,0.0,causal_edge|trade_intensity|price_return|1,0,trained,horizon_expired
3.93335567263979e-05,0.009999999999990905,0.0248120300754076,870.1508799999999,0.6172,30,1.0,0.0,0.0,causal_edge|trade_intensity|price_return|1,0,trained,horizon_expired
2.707121034637783e-05,0.009999999999990905,0.07518796992490945,368.03790000000004,0.6172,30,1.0,0.0,0.0,causal_edge|trade_intensity|price_return|1,0,trained,horizon_expired
0.0,0.009999999999990905,1.340996689827063e-13,106.47044,0.6172,30,1.0,0.0,0.0,causal_edge|trade_intensity|price_return|1,1,trained,horizon_expired
0.0,0.010000000000005116,1.2766870543231355e-13,950.1234400000001,0.7738,30,0.99,0.0,0.01,causal_edge|order_book_imbalance|price_return|1,0,trained,horizon_expired
0.0,0.010000000000005116,3.7944724910763034e-14,19.725640000000002,0.7738,30,1.0,0.0,0.0,causal_edge|order_book_imbalance|price_return|1,0,trained,horizon_expired
0.0,0.009999999999990905,3.842637898465446e-14,40.660239999999995,0.7738,30,1.0,0.0,0.0,causal_edge|order_book_imbalance|price_return|1,0,trained,horizon_expired
2.7041704940024347e-05,0.010000000000005116,0.06315789473676019,326.64899999999994,0.7738,30,1.0,0.0,0.0,causal_edge|order_book_imbalance|price_return|1,0,trained,horizon_expired
0.0,0.010000000000005116,9.061866214433924e-14,1989.8563200000003,0.7738,30,0.99,0.0,0.01,causal_edge|order_book_imbalance|price_return|1,0,trained,horizon_expired
0.0,0.010000000000005116,2.0547547609794927e-13,22.1463,0.7738,30,1.0,0.0,0.0,causal_edge|order_book_imbalance|price_return|1,0,trained,horizon_expired
2.702207037487559e-05,0.010000000000005116,0.0383458646619431,115.5197,0.7738,30,1.0,0.0,0.0,causal_edge|order_book_imbalance|price_return|1,0,trained,horizon_expired
2.7015531854207026e-05,0.009999999999990905,0.04812030075161617,323.16232,0.7738,30,1.0,0.0,0.0,causal_edge|order_book_imbalance|price_return|1,0,trained,horizon_expired
0.0,0.010000000000005116,1.729390755162581e-13,54.21361999999999,0.7738,30,0.94,0.06,0.0,causal_edge|order_book_imbalance|price_return|1,0,trained,horizon_expired
0.0,0.009999999999990905,1.1382487928083307e-13,739.0290200000001,0.7738,30,1.0,0.0,0.0,causal_edge|order_book_imbalance|price_return|1,0,trained,horizon_expired
0.0,0.010000000000005116,1.729390755162581e-13,170.3696,0.7738,30,1.0,0.0,0.0,causal_edge|order_book_imbalance|price_return|1,0,trained,horizon_expired
0.0,0.010000000000005116,1.729390755162581e-13,210.0464,0.7738,30,1.0,0.0,0.0,causal_edge|order_book_imbalance|price_return|1,0,trained,horizon_expired
3.92526577528308e-05,0.009999999999990905,1.1033960563087373e-13,424.58119999999997,0.7738,30,1.0,0.0,0.0,causal_edge|order_book_imbalance|price_return|1,0,trained,horizon_expired
5.5511640953242735e-05,0.009999999999990905,0.03157894736805861,492.5292,0.7738,30,1.0,0.0,0.0,causal_edge|order_book_imbalance|price_return|1,0,trained,horizon_expired
0.0,0.010000000000005116,2.0547547609794927e-13,24.609,0.7738,30,1.0,0.0,0.0,causal_edge|order_book_imbalance|price_return|1,0,trained,horizon_expired
0.0,0.010000000000005116,3.751115996219615e-13,101.91724000000002,0.7738,30,1.0,0.0,0.0,causal_edge|order_book_imbalance|price_return|1,1,trained,horizon_expired
0.0,0.009999999999990905,5.51923371192995e-14,142.2096,0.8373,30,1.0,0.0,0.0,causal_edge|session_sin|price_return|4,0,trained,horizon_expired
3.925740730308445e-05,0.010000000000005116,0.0421052631576729,103.80248000000002,0.8373,30,1.0,0.0,0.0,causal_edge|session_sin|price_return|4,0,trained,horizon_expired
0.0,0.010000000000005116,1.729390755162581e-13,151.01654,0.8373,30,0.99,0.0,0.01,causal_edge|session_sin|price_return|4,0,trained,horizon_expired
3.921944305314478e-05,0.010000000000005116,0.006015037594186147,1570.1891199999995,0.8373,30,0.94,0.06,0.0,causal_edge|session_sin|price_return|4,0,trained,assumption_breach
0.0,0.010000000000005116,2.7587867961395335e-13,377.5405,0.8373,30,1.0,0.0,0.0,causal_edge|session_sin|price_return|4,0,trained,assumption_breach
2.6973108478830706e-05,0.010000000000005116,0.07218045112798938,1277.6831,0.8373,30,0.99,0.0,0.01,causal_edge|session_sin|price_return|4,0,trained,horizon_expired
2.6979626477564477e-05,0.009999999999990905,0.06842105263166769,222.94276,0.8373,30,1.0,0.0,0.0,causal_edge|session_sin|price_return|4,0,trained,horizon_expired
2.6992671930095746e-05,0.010000000000005116,0.07443609022579067,407.94466000000006,0.7825,30,1.0,0.0,0.0,causal_edge|eth_return|price_return|1,0,trained,horizon_expired
2.6992671930095746e-05,0.010000000000005116,0.048120300752054666,39.695859999999996,0.7825,30,0.94,0.06,0.0,causal_edge|eth_return|price_return|1,0,trained,horizon_expired
2.7005730004385442e-05,0.009999999999990905,0.06315789473665946,128.8104,0.7825,30,0.45,0.48,0.07,causal_edge|eth_return|price_return|1,0,trained,horizon_expired
2.7015531854207026e-05,0.009999999999990905,0.05639097744357986,149.38436,0.7825,30,0.26,0.69,0.05,causal_edge|eth_return|price_return|1,0,trained,horizon_expired
3.9247909351771725e-05,0.010000000000005116,0.04736842105239526,568.31282,0.7825,30,1.0,0.0,0.0,causal_edge|eth_return|price_return|1,0,trained,horizon_expired
2.701226378046598e-05,0.010000000000005116,0.06842105263148432,123.10369999999999,0.7825,30,0.15,0.83,0.02,causal_edge|eth_return|price_return|1,0,trained,horizon_expired
0.0,0.009999999999990905,1.1526984150250737e-13,200.974,0.7825,30,0.04,0.03,0.93,causal_edge|eth_return|price_return|1,0,trained,horizon_expired
0.0,0.010000000000005116,1.1526984150250737e-13,15.187999999999999,0.7825,30,0.94,0.06,0.0,causal_edge|eth_return|price_return|1,0,trained,horizon_expired
2.700899649745656e-05,0.010000000000005116,0.014285714285609005,364.7897200000001,0.7825,30,1.0,0.0,0.0,causal_edge|eth_return|price_return|1,0,trained,horizon_expired
2.704498014185293e-05,0.009999999999990905,0.07443609022568799,314.44159999999994,0.7825,30,0.99,0.0,0.01,causal_edge|eth_return|price_return|1,0,trained,horizon_expired
2.704498014185293e-05,0.009999999999990905,0.07518796992475317,339.37958,0.7825,30,1.0,0.0,0.0,causal_edge|eth_return|price_return|1,0,trained,horizon_expired
2.7035156915305163e-05,0.009999999999990905,0.027067669172749144,12.527000000000001,0.8188,30,1.0,0.0,0.0,causal_edge|btc_return|price_return|2,0,trained,horizon_expired
0.0,0.009999999999990905,2.0258555165460074e-13,221.07400000000004,0.7763,30,0.03,0.03,0.94,causal_edge|eth_return|price_return|1,0,trained,horizon_expired
0.0,0.009999999999990905,1.2074679235657332e-13,258.83168,0.7763,30,0.01,0.0,0.99,causal_edge|eth_return|price_return|1,0,trained,horizon_expired
3.939086294645795e-05,0.010000000000005116,0.008270676691816123,2.549,1.0,30,1.0,0.0,0.0,trend_persistence,0,trained,horizon_expired
3.939086294645795e-05,0.010000000000005116,0.008270676691816123,2.549,0.000563,30,1.0,0.0,0.0,volatility_control,0,trained,horizon_expired
3.939086294645795e-05,0.010000000000005116,0.008270676691816123,2.549,0.166667,30,1.0,0.0,0.0,spread_constraint,0,trained,horizon_expired
2.705481050977619e-05,0.010000000000005116,0.038345864661528596,234.79578,0.7763,30,1.0,0.0,0.0,causal_edge|eth_return|price_return|1,0,trained,horizon_expired
2.7054810509776193e-05,0.010000000000005116,0.027067669172889608,264.22132,0.7763,30,0.93,0.0,0.07,causal_edge|eth_return|price_return|1,0,trained,horizon_expired
2.7087630077406167e-05,0.009999999999990905,0.07443609022557718,107.57,0.7763,30,0.06,0.04,0.9,causal_edge|eth_return|price_return|1,0,trained,horizon_expired
2.709420354813454e-05,0.010000000000005116,0.07218045112800099,608.5598999999999,0.8188,30,0.26,0.74,0.0,causal_edge|btc_return|price_return|2,0,trained,horizon_expired
4.7801283181601966e-05,0.010000000000005116,0.0654135338345867,287.983,0.7668,30,0.99,0.01,0.0,causal_edge|eth_return|price_return|1,0,trained,horizon_expired
0.0,0.009999999999990905,1.2526043506285643e-13,1.0,0.7668,30,0.01,0.0,0.99,causal_edge|eth_return|price_return|1,0,trained,horizon_expired
0.0,0.009999999999990905,1.2526043506285643e-13,85.64310000000002,0.7668,30,0.47,0.46,0.07,causal_edge|eth_return|price_return|1,0,trained,horizon_expired
2.7084344537956613e-05,0.010000000000005116,0.038345864661651546,259.69933999999995,0.7668,30,1.0,0.0,0.0,causal_edge|eth_return|price_return|1,0,trained,horizon_expired
0.0,0.009999999999990905,1.2526043506285643e-13,163.88938000000002,0.7668,30,1.0,0.0,0.0,causal_edge|eth_return|price_return|1,0,trained,horizon_expired
0.0,0.009999999999990905,1.2381547284118215e-13,41.17099999999999,0.7668,30,1.0,0.0,0.0,causal_edge|eth_return|price_return|1,0,trained,horizon_expired
4.778388508042089e-05,0.010000000000005116,0.016541353383719325,130.18747999999997,0.7668,30,0.04,0.03,0.93,causal_edge|eth_return|price_return|1,0,trained,horizon_expired
3.9352640264330234e-05,0.010000000000005116,0.011278195488433332,180.17714,0.7668,30,0.26,0.69,0.05,causal_edge|eth_return|price_return|1,0,trained,horizon_expired
2.7087630077406167e-05,0.009999999999990905,0.06315789473695298,347.99376000000007,0.8202,30,0.48,0.48,0.04,causal_edge|btc_return|price_return|2,0,trained,horizon_expired
2.709091641413214e-05,0.010000000000005116,0.0684210526313429,380.57648000000006,0.7668,30,0.99,0.0,0.01,causal_edge|eth_return|price_return|1,0,trained,horizon_expired
2.7087630077406167e-05,0.009999999999990905,0.048120300751792966,397.2404599999999,0.7668,30,0.99,0.0,0.01,causal_edge|eth_return|price_return|1,0,trained,horizon_expired
0.0,0.010000000000005116,2.1402110743662408e-13,109.43516,0.8346,30,1.0,0.0,0.0,causal_edge|eth_return|price_return|1,0,trained,horizon_expired
2.709091641413214e-05,0.010000000000005116,0.06315789473692916,245.461,0.8346,30,0.54,0.42,0.04,causal_edge|eth_return|price_return|1,0,trained,horizon_expired
0.0,0.010000000000005116,2.1402110743662408e-13,7.369000000000001,0.8346,30,1.0,0.0,0.0,causal_edge|eth_return|price_return|1,0,trained,horizon_expired
0.0,0.010000000000005116,1.2381547284118215e-13,58.30722,0.8346,30,0.9,0.08,0.02,causal_edge|eth_return|price_return|1,0,trained,horizon_expired
0.0,0.010000000000005116,1.2429712691507356e-13,143.59670000000003,0.8346,30,1.0,0.0,0.0,causal_edge|eth_return|price_return|1,0,trained,horizon_expired
4.7807085364337525e-05,0.010000000000005116,0.03609022556420835,79.94628,0.8346,30,1.0,0.0,0.0,causal_edge|eth_return|price_return|1,0,trained,horizon_expired
2.7107360066031427e-05,0.009999999999990905,0.07218045112808037,287.70884000000007,0.8346,30,0.96,0.04,0.0,causal_edge|eth_return|price_return|1,0,trained,horizon_expired
0.0,0.009999999999990905,9.771933126133977e-14,146.73496000000003,0.8346,30,0.99,0.01,0.0,causal_edge|eth_return|price_return|1,0,trained,horizon_expired
3.937652074267207e-05,0.010000000000005116,0.024060150376259696,452.5361200000001,0.8346,30,1.0,0.0,0.0,causal_edge|eth_return|price_return|1,0,trained,horizon_expired
0.0,0.010000000000005116,2.1402110743662408e-13,465.51220000000006,0.8346,30,1.0,0.0,0.0,causal_edge|eth_return|price_return|1,0,trained,horizon_expired
0.0,0.009999999999990905,9.916429348301404e-14,78.6498,0.8346,30,1.0,0.0,0.0,causal_edge|eth_return|price_return|1,0,trained,horizon_expired
3.937174232884658e-05,0.009999999999990905,0.024812030075246926,221.49403999999996,0.8346,30,0.99,0.0,0.01,causal_edge|eth_return|price_return|1,0,trained,horizon_expired
0.0,0.009999999999990905,1.2381547284118215e-13,256.3510799999999,0.8346,30,1.0,0.0,0.0,causal_edge|eth_return|price_return|1,1,trained,horizon_expired
3.932878873370387e-05,0.010000000000005116,0.024060150376054086,529.22422,0.8322,30,1.0,0.0,0.0,causal_edge|spread|price_return|1,0,trained,horizon_expired
2.70580888872242e-05,0.010000000000005116,0.03834586466168537,600.43976,0.8322,30,1.0,0.0,0.0,causal_edge|spread|price_return|1,0,trained,horizon_expired
2.70580888872242e-05,0.010000000000005116,0.07443609022545752,747.13212,0.8322,30,1.0,0.0,0.0,causal_edge|spread|price_return|1,0,trained,horizon_expired
2.7064648026611373e-05,0.010000000000005116,0.03834586466163702,283.77813999999995,0.8322,30,0.94,0.06,0.0,causal_edge|spread|price_return|1,0,trained,horizon_expired
0.0,0.009999999999990905,3.842637898465446e-14,28.880119999999998,0.8322,30,1.0,0.0,0.0,causal_edge|spread|price_return|1,0,trained,horizon_expired
2.705153292662969e-05,0.009999999999990905,0.014285714285958914,87.8229,0.8322,30,1.0,0.0,0.0,causal_edge|spread|price_return|1,0,trained,horizon_expired
2.7054810509776193e-05,0.010000000000005116,0.06842105263149531,335.918,0.8322,30,0.95,0.05,0.0,causal_edge|spread|price_return|1,0,trained,horizon_expired
3.930972831625218e-05,0.010000000000005116,0.01127819548861975,274.14472,0.8322,30,0.34,0.66,0.0,causal_edge|spread|price_return|1,0,trained,horizon_expired
2.7054810509776193e-05,0.010000000000005116,0.027067669172889608,176.17640000000003,0.8322,30,1.0,0.0,0.0,causal_edge|spread|price_return|1,0,trained,horizon_expired
3.9304966098347306e-05,0.009999999999990905,0.042105263157940484,13.76222,0.8322,30,1.0,0.0,0.0,causal_edge|spread|price_return|1,0,trained,horizon_expired
0.0,0.009999999999990905,1.340996689827063e-13,34.773,0.8322,30,1.0,0.0,0.0,causal_edge|spread|price_return|1,1,trained,horizon_expired
4.773755199993915e-05,0.010000000000005116,0.07293233082694228,707.6780399999999,0.8301,30,1.0,0.0,0.0,causal_edge|bollinger_width|price_return|4,0,trained,horizon_expired
3.932878873370387e-05,0.010000000000005116,0.012781954887263473,316.10024000000004,0.8301,30,0.99,0.01,0.0,causal_edge|bollinger_width|price_return|4,0,trained,horizon_expired
3.934309618127004e-05,0.010000000000005116,0.006766917293162627,277.74358000000007,0.8301,30,1.0,0.0,0.0,causal_edge|bollinger_width|price_return|4,0,trained,horizon_expired
2.7074492699894933e-05,0.010000000000005116,0.027067669172930502,728.03084,0.8301,30,1.0,0.0,0.0,causal_edge|bollinger_width|price_return|4,0,trained,horizon_expired
3.933832587549057e-05,0.010000000000005116,0.045112781955133026,290.68291999999997,0.8301,30,0.81,0.19,0.0,causal_edge|bollinger_width|price_return|4,0,trained,horizon_expired
0.0,0.009999999999990905,1.24778780988965e-13,157.97976000000003,0.8461,30,1.0,0.0,0.0,causal_edge|volatility|price_return|2,0,trained,horizon_expired
0.0,0.010000000000005116,1.732553418498661e-14,388.95539999999994,0.8461,30,1.0,0.0,0.0,causal_edge|volatility|price_return|2,0,trained,horizon_expired
2.709420354813454e-05,0.010000000000005116,0.06315789473670581,117.54784,0.8461,30,0.03,0.92,0.05,causal_edge|volatility|price_return|2,0,trained,horizon_expired
2.7087630077406167e-05,0.009999999999990905,0.07518796992434931,49.51858,0.8461,30,1.0,0.0,0.0,causal_edge|volatility|price_return|2,0,trained,assumption_breach
2.7123823691886715e-05,0.010000000000005116,0.05639097744367427,1237.81622,0.8461,30,1.0,0.0,0.0,causal_edge|volatility|price_return|2,0,trained,horizon_expired
0.0,0.010000000000005116,2.1708978792123293e-13,192.23541999999998,0.8524,30,0.98,0.02,0.0,causal_edge|trade_intensity|price_return|2,0,trained,horizon_expired
0.0,0.010000000000005116,9.627436903966548e-14,365.98123999999996,0.8524,30,1.0,0.0,0.0,causal_edge|trade_intensity|price_return|2,0,trained,horizon_expired
0.0,0.009999999999990905,1.8503504141343318e-13,532.42116,0.8524,30,1.0,0.0,0.0,causal_edge|trade_intensity|price_return|2,0,trained,horizon_expired
0.0,0.010000000000005116,3.7944724910763034e-14,181.88372000000004,0.0,30,0.99,0.0,0.01,no_active_trend,0,trained,horizon_expired
0.0,0.010000000000005116,3.7944724910763034e-14,181.88372000000004,0.0,30,0.99,0.0,0.01,volatility_normal,0,trained,horizon_expired
0.0,0.010000000000005116,3.7944724910763034e-14,181.88372000000004,0.166667,30,0.99,0.0,0.01,spread_within_tolerance,0,trained,horizon_expired
2.7123823691886715e-05,0.010000000000005116,0.07218045112757776,7.4135,0.8524,30,1.0,0.0,0.0,causal_edge|trade_intensity|price_return|2,0,trained,horizon_expired
0.0,0.010000000000005116,9.627436903966548e-14,740.578,0.8524,30,1.0,0.0,0.0,causal_edge|trade_intensity|price_return|2,0,trained,horizon_expired
0.0,0.010000000000005116,1.879249658567817e-13,847.3050999999999,0.8524,30,0.06,0.94,0.0,causal_edge|trade_intensity|price_return|2,0,trained,horizon_expired
3.938608105133367e-05,0.009999999999990905,0.012030075187542276,734.9451599999999,0.8524,30,0.22,0.78,0.0,causal_edge|trade_intensity|price_return|2,0,trained,horizon_expired
0.0,0.009999999999990905,1.879249658567817e-13,914.1329999999999,0.8524,30,0.99,0.01,0.0,causal_edge|trade_intensity|price_return|2,0,trained,horizon_expired
2.710406973875846e-05,0.010000000000005116,0.05639097744350493,59.97344000000001,0.8524,30,0.22,0.78,0.0,causal_edge|trade_intensity|price_return|2,0,trained,horizon_expired
0.0,0.010000000000005116,1.2381547284118215e-13,1335.2178799999997,0.8524,30,0.22,0.78,0.0,causal_edge|trade_intensity|price_return|2,0,trained,horizon_expired
2.709420354813454e-05,0.010000000000005116,0.02706766917277169,51.3833,0.8524,30,1.0,0.0,0.0,causal_edge|trade_intensity|price_return|2,1,trained,horizon_expired
2.7097491480405e-05,0.009999999999990905,0.07218045112762171,101.02500000000002,0.848,30,0.81,0.19,0.0,causal_edge|rsi|price_return|4,0,trained,horizon_expired
2.71271188170978e-05,0.009999999999990905,0.014285714285654094,199.82676,0.848,30,1.0,0.0,0.0,causal_edge|rsi|price_return|4,0,trained,horizon_expired
0.0,0.009999999999990905,1.0464124433708e-13,1603.0027799999998,0.848,30,0.95,0.05,0.0,causal_edge|rsi|price_return|4,0,trained,horizon_expired
0.0,0.009999999999990905,1.2990647519963793e-14,141.73094,0.848,30,1.0,0.0,0.0,causal_edge|rsi|price_return|4,0,trained,horizon_expired
6.197632730701472e-05,0.010000000000005116,0.04135338345867731,213.0119,0.848,30,1.0,0.0,0.0,causal_edge|rsi|price_return|4,0,trained,horizon_expired
2.712052936712529e-05,0.010000000000005116,0.07518796992523148,2111.2041000000004,0.7635,30,1.0,0.0,0.0,causal_edge|btc_return|price_return|3,0,trained,horizon_expired
2.709420354813454e-05,0.010000000000005116,0.02706766917277169,74.42599999999999,0.7635,30,0.0,0.0,1.0,causal_edge|btc_return|price_return|3,0,trained,horizon_expired
3.9366965074013206e-05,0.010000000000005116,0.015037593985096824,3.5140000000000002,0.7635,30,0.99,0.01,0.0,causal_edge|btc_return|price_return|3,0,trained,horizon_expired
2.7113943117563147e-05,0.010000000000005116,0.07218045112768132,728.8778400000001,0.7474,30,0.84,0.0,0.16,causal_edge|eth_return|price_return|3,0,trained,horizon_expired
0.0,0.010000000000005116,9.86826394091226e-14,1895.2925599999999,0.7635,30,1.0,0.0,0.0,causal_edge|btc_return|price_return|3,0,trained,horizon_expired
3.9405215602208754e-05,0.010000000000005116,0.03684210526345987,102.22746,0.7474,30,0.98,0.02,0.0,causal_edge|eth_return|price_return|3,0,trained,horizon_expired
0.0,0.009999999999990905,1.9292026263695625e-13,97.47900000000001,0.7908,30,0.98,0.02,0.0,causal_edge|eth_return|price_return|3,0,trained,horizon_expired
5.426412621341245e-05,0.010000000000005116,0.028571428571231936,415.90454,0.8383,30,0.93,0.01,0.06,causal_edge|rsi|price_return|4,0,trained,horizon_expired
0.0,0.010000000000005116,1.9292026263695625e-13,106.17199999999998,0.8108,30,0.02,0.97,0.01,causal_edge|session_sin|price_return|4,0,trained,horizon_expired
4.78535535846358e-05,0.010000000000005116,0.06390977443604079,2.697,0.7908,30,0.02,0.06,0.92,causal_edge|eth_return|price_return|3,0,trained,horizon_expired
0.0,0.010000000000005116,1.8503504141343318e-13,202.40347999999997,0.8108,30,0.99,0.01,0.0,causal_edge|session_sin|price_return|4,0,trained,horizon_expired
0.0,0.009999999999990905,1.8503504141343318e-13,193.4533,0.8108,30,0.99,0.01,0.0,causal_edge|session_sin|price_return|4,0,trained,horizon_expired
4.78651847576157e-05,0.010000000000005116,0.011278195488998803,224.01648,0.8383,30,0.0,0.06,0.94,causal_edge|rsi|price_return|4,1,trained,horizon_expired
0.0,0.010000000000005116,1.9292026263695625e-13,69.46326,0.7862,30,1.0,0.0,0.0,causal_edge|session_sin|price_return|4,0,trained,horizon_expired
2.7137008998602273e-05,0.010000000000005116,0.05639097744401547,65.60419999999998,0.7862,30,0.02,0.19,0.79,causal_edge|session_sin|price_return|4,0,trained,horizon_expired
3.943395231369408e-05,0.010000000000005116,0.0022556390978395336,313.76698,0.7862,30,0.88,0.12,0.0,causal_edge|session_sin|price_return|4,0,trained,horizon_expired
0.0,0.010000000000005116,2.7475902193498364e-13,163.81206,0.7862,30,0.01,0.94,0.05,causal_edge|session_sin|price_return|4,0,trained,horizon_expired
2.712052936712529e-05,0.010000000000005116,0.068421052631509,78.41688,0.7862,30,1.0,0.0,0.0,causal_edge|session_sin|price_return|4,0,trained,horizon_expired
3.939086294645795e-05,0.010000000000005116,0.0067669172931292786,108.53941999999999,0.7862,30,0.98,0.02,0.0,causal_edge|session_sin|price_return|4,0,trained,horizon_expired
0.0,0.010000000000005116,1.879249658567817e-13,164.68362000000002,0.7961,30,0.99,0.01,0.0,causal_edge|session_sin|price_return|4,0,trained,horizon_expired
0.0,0.009999999999990905,9.771933126133977e-14,367.59,0.7961,30,1.0,0.0,0.0,causal_edge|session_sin|price_return|4,0,trained,horizon_expired
3.940043022146325e-05,0.009999999999990905,0.02481203007501847,2.3865600000000002,0.7961,30,0.99,0.01,0.0,causal_edge|session_sin|price_return|4,0,trained,horizon_expired
2.712052936712529e-05,0.010000000000005116,0.03834586466179076,233.87955999999997,0.7961,30,0.96,0.04,0.0,causal_edge|session_sin|price_return|4,0,trained,horizon_expired
0.0,0.010000000000005116,1.0464124433708e-13,173.22092,0.7961,30,1.0,0.0,0.0,causal_edge|session_sin|price_return|4,0,trained,horizon_expired
3.939564600345597e-05,0.010000000000005116,0.04736842105299822,123.98566,0.7961,30,0.64,0.36,0.0,causal_edge|session_sin|price_return|4,0,trained,horizon_expired
4.783611741989165e-05,0.010000000000005116,0.025563909774792535,25.87388,0.8005,30,1.0,0.0,0.0,causal_edge|session_sin|price_return|4,0,trained,horizon_expired
0.0,0.010000000000005116,9.627436903966548e-14,751.56168,1.0,30,1.0,0.0,0.0,trend_persistence,0,trained,horizon_expired
0.0,0.010000000000005116,9.627436903966548e-14,751.56168,0.0,30,1.0,0.0,0.0,volatility_control,0,trained,horizon_expired
0.0,0.010000000000005116,9.627436903966548e-14,751.56168,0.166667,30,1.0,0.0,0.0,spread_constraint,0,trained,horizon_expired
2.710406973875846e-05,0.010000000000005116,0.027067669172854015,551.34632,0.8005,30,0.01,0.04,0.95,causal_edge|session_sin|price_return|4,0,trained,horizon_expired
0.0,0.010000000000005116,9.627436903966548e-14,62.82244000000001,0.8005,30,0.84,0.0,0.16,causal_edge|session_sin|price_return|4,0,trained,horizon_expired
0.0,0.010000000000005116,1.2990647519963793e-14,378.65100000000007,0.8005,30,0.97,0.03,0.0,causal_edge|session_sin|price_return|4,0,trained,horizon_expired
0.0,0.009999999999990905,2.7475902193498364e-13,126.82130000000001,0.6882,30,0.0,0.05,0.95,causal_edge|ema_spread|price_return|1,0,trained,horizon_expired
0.0,0.010000000000005116,2.1708978792123293e-13,240.90471999999997,0.8005,30,0.99,0.01,0.0,causal_edge|session_sin|price_return|4,0,trained,horizon_expired
3.944833639248165e-05,0.010000000000005116,0.05789473684221129,346.77344,0.8005,30,1.0,0.0,0.0,causal_edge|session_sin|price_return|4,1,trained,horizon_expired
4.7911766045691395e-05,0.009999999999990905,0.027067669172898698,127.87294000000001,0.7939,30,0.02,0.2,0.78,causal_edge|session_cos|price_return|2,0,trained,horizon_expired
0.0,0.009999999999990905,1.895486841197163e-13,142.41555999999997,0.7939,30,1.0,0.0,0.0,causal_edge|session_cos|price_return|2,0,trained,horizon_expired
0.0,0.010000000000005116,1.895486841197163e-13,273.93300000000005,0.7939,30,0.97,0.03,0.0,causal_edge|session_cos|price_return|2,0,trained,horizon_expired
2.7153508669681645e-05,0.009999999999990905,0.05639097744353187,220.21216,0.7939,30,1.0,0.0,0.0,causal_edge|session_cos|price_return|2,0,trained,horizon_expired
0.0,0.010000000000005116,1.9003033819360767e-13,99.57078000000001,0.7939,30,0.01,0.08,0.91,causal_edge|session_cos|price_return|2,0,trained,horizon_expired
0.0,0.010000000000005116,1.0078801174594859e-13,223.97246000000004,0.7939,30,0.0,0.0,1.0,causal_edge|session_cos|price_return|2,0,trained,horizon_expired
2.714690639407008e-05,0.010000000000005116,0.07443609022561203,395.65612,0.7939,30,0.0,0.08,0.92,causal_edge|session_cos|price_return|2,0,trained,horizon_expired
2.7153508669681645e-05,0.009999999999990905,0.04812030075177853,154.642,0.7939,30,1.0,0.0,0.0,causal_edge|session_cos|price_return|2,0,trained,horizon_expired
0.0,0.010000000000005116,3.6793365270263854e-14,385.06644,0.8238,30,0.16,0.21,0.63,causal_edge|session_cos|price_return|2,0,trained,horizon_expired
0.0,0.009999999999990905,3.8624425737135375e-13,767.3321799999999,0.8238,30,1.0,0.0,0.0,causal_edge|session_cos|price_return|2,0,trained,horizon_expired
2.716011415720656e-05,0.010000000000005116,0.03834586466171964,883.9709999999998,0.8238,30,0.99,0.01,0.0,causal_edge|session_cos|price_return|2,0,trained,horizon_expired
2.7153508669681645e-05,0.009999999999990905,0.038345864661466236,99.19130000000001,0.8238,30,0.02,0.21,0.77,causal_edge|session_cos|price_return|2,0,trained,horizon_expired
0.0,0.009999999999990905,1.9003033819360767e-13,40.280280000000005,0.8238,30,0.03,0.92,0.05,causal_edge|session_cos|price_return|2,0,trained,horizon_expired
0.0,0.009999999999990905,3.8624425737135375e-13,249.55068000000003,0.8238,30,0.99,0.01,0.0,causal_edge|session_cos|price_return|2,0,trained,horizon_expired
2.7143606460012865e-05,0.010000000000005116,0.048120300751800765,339.6978,0.8238,30,0.22,0.78,0.0,causal_edge|session_cos|price_return|2,0,trained,horizon_expired
0.0,0.009999999999990905,1.8503504141343318e-13,139.83192,0.8344,30,0.84,0.0,0.16,causal_edge|btc_return|price_return|1,0,trained,horizon_expired
0.0,0.009999999999990905,2.1016787484549268e-13,454.716,0.8238,30,0.03,0.96,0.01,causal_edge|session_cos|price_return|2,0,trained,horizon_expired
0.0,0.010000000000005116,1.2881076962135667e-13,0.209,0.8238,30,0.02,0.2,0.78,causal_edge|session_cos|price_return|2,0,trained,horizon_expired
0.0,0.009999999999990905,2.7475902193498364e-13,1884.92202,0.8238,30,1.0,0.0,0.0,causal_edge|session_cos|price_return|2,0,trained,horizon_expired
0.0,0.010000000000005116,2.1708978792123293e-13,594.4072199999999,0.8238,30,1.0,0.0,0.0,causal_edge|session_cos|price_return|2,1,trained,horizon_expired
2.714690639407008e-05,0.010000000000005116,0.014285714285680673,849.1013600000001,0.7666,30,1.0,0.0,0.0,causal_edge|volume|price_return|3,0,trained,horizon_expired
0.0,0.010000000000005116,1.0175131989373145e-13,178.24708,0.7666,30,0.99,0.01,0.0,causal_edge|volume|price_return|3,0,trained,horizon_expired
3.944833639248165e-05,0.010000000000005116,0.006766917293081887,342.86978000000005,0.7666,30,1.0,0.0,0.0,causal_edge|volume|price_return|3,0,trained,horizon_expired
0.0,0.010000000000005116,1.2881076962135667e-13,600.143,0.7666,30,0.02,0.97,0.01,causal_edge|volume|price_return|3,0,trained,horizon_expired
0.0,0.010000000000005116,1.2990647519963793e-14,10.136,0.7666,30,0.22,0.78,0.0,causal_edge|volume|price_return|3,0,trained,horizon_expired
0.0,0.009999999999990905,1.0464124433708e-13,116.08337999999999,0.7666,30,0.99,0.01,0.0,causal_edge|volume|price_return|3,0,trained,horizon_expired
3.941957872087467e-05,0.010000000000005116,0.03609022556402849,78.13024,0.7666,30,0.49,0.51,0.0,causal_edge|volume|price_return|3,1,trained,horizon_expired
0.0,0.009999999999990905,1.0464124433708e-13,145.2989,0.7988,30,1.0,0.0,0.0,causal_edge|volume|price_return|2,0,trained,horizon_expired
0.0,0.009999999999990905,1.8503504141343318e-13,33.333,0.7988,30,1.0,0.0,0.0,causal_edge|volume|price_return|2,0,trained,horizon_expired
0.0,0.010000000000005116,1.8503504141343318e-13,164.21,0.7988,30,1.0,0.0,0.0,causal_edge|volume|price_return|2,0,trained,horizon_expired
2.7133711470058926e-05,0.009999999999990905,0.05639097744321351,262.9612,0.7988,30,0.22,0.78,0.0,causal_edge|volume|price_return|2,0,trained,horizon_expired
2.7143606460012865e-05,0.009999999999990905,0.05639097744324331,134.91700000000003,0.7988,30,1.0,0.0,0.0,causal_edge|volume|price_return|2,0,trained,horizon_expired
0.0,0.009999999999990905,1.9003033819360767e-13,212.47866,0.7988,30,1.0,0.0,0.0,causal_edge|volume|price_return|2,0,trained,horizon_expired
0.0,0.009999999999990905,1.9003033819360767e-13,108.45588,0.7988,30,1.0,0.0,0.0,causal_edge|volume|price_return|2,0,trained,horizon_expired
4.790593842672881e-05,0.010000000000005116,0.044360902255743476,356.8922,0.7988,30,1.0,0.0,0.0,causal_edge|volume|price_return|2,0,trained,horizon_expired
2.7150207130361903e-05,0.010000000000005116,0.03834586466136543,35.514520000000005,0.7988,30,0.01,0.99,0.0,causal_edge|volume|price_return|2,0,trained,horizon_expired
4.788264212230576e-05,0.010000000000005116,0.03533834586487757,215.70336,0.8262,30,1.0,0.0,0.0,causal_edge|volume|price_return|2,0,trained,horizon_expired
2.714690639407008e-05,0.010000000000005116,0.056390977443761585,2.6583000000000006,0.8262,30,1.0,0.0,0.0,causal_edge|volume|price_return|2,0,trained,horizon_expired
0.0,0.010000000000005116,1.0175131989373145e-13,17.779980000000002,0.8262,30,1.0,0.0,0.0,causal_edge|volume|price_return|2,0,trained,horizon_expired
2.7137008998602273e-05,0.010000000000005116,0.07443609022546453,29.17962000000001,0.8262,30,1.0,0.0,0.0,causal_edge|volume|price_return|2,0,trained,horizon_expired
0.0,0.010000000000005116,2.1708978792123293e-13,93.50533999999999,0.8262,30,0.31,0.68,0.01,causal_edge|volume|price_return|2,0,trained,horizon_expired
0.0,0.010000000000005116,2.1016787484549268e-13,9.170000000000002,0.8262,30,1.0,0.0,0.0,causal_edge|volume|price_return|2,0,trained,horizon_expired
0.0,0.009999999999990905,9.771933126133977e-14,99.03244000000002,0.8262,30,1.0,0.0,0.0,causal_edge|volume|price_return|2,0,trained,horizon_expired
2.7107360066031427e-05,0.009999999999990905,0.014285714285993772,190.60208,0.8262,30,0.97,0.02,0.01,causal_edge|volume|price_return|2,0,trained,horizon_expired
4.78303081879983e-05,0.009999999999990905,0.018045112781673346,149.84752,0.8262,30,1.0,0.0,0.0,causal_edge|volume|price_return|2,0,trained,horizon_expired
2.7117235842218555e-05,0.009999999999990905,0.02706766917309533,120.3329,0.8262,30,0.98,0.02,0.0,causal_edge|volume|price_return|2,0,trained,horizon_expired
3.941000214511617e-05,0.010000000000005116,0.02406015037586112,133.72028000000003,0.8262,30,1.0,0.0,0.0,causal_edge|volume|price_return|2,0,trained,horizon_expired
0.0,0.009999999999990905,1.0464124433708e-13,176.58072,0.8176,30,1.0,0.0,0.0,causal_edge|volume|price_return|2,0,trained,horizon_expired
2.7120529367125294e-05,0.010000000000005116,0.03834586466163298,193.29229999999998,0.8176,30,0.0,0.28,0.72,causal_edge|volume|price_return|2,0,trained,horizon_expired
5.570032999152205e-05,0.009999999999990905,0.011278195488798074,778.4194799999999,1.0,30,0.02,0.21,0.77,trend_persistence,0,trained,horizon_expired
5.570032999152205e-05,0.009999999999990905,0.011278195488798074,778.4194799999999,0.000796,30,0.02,0.21,0.77,volatility_control,0,trained,horizon_expired
5.570032999152205e-05,0.009999999999990905,0.011278195488798074,778.4194799999999,0.166667,30,0.02,0.21,0.77,spread_constraint,0,trained,horizon_expired
0.0,0.009999999999990905,9.627436903966548e-14,312.99564,0.8176,30,1.0,0.0,0.0,causal_edge|volume|price_return|2,0,trained,horizon_expired
3.941000214511617e-05,0.010000000000005116,0.0060150375939438784,232.11136000000002,0.8176,30,1.0,0.0,0.0,causal_edge|volume|price_return|2,0,trained,horizon_expired
2.7113943117563144e-05,0.010000000000005116,0.014285714285571294,15.950060000000002,0.8176,30,0.99,0.0,0.01,causal_edge|volume|price_return|2,0,trained,horizon_expired
0.0,0.010000000000005116,1.879249658567817e-13,73.05624,0.8176,30,1.0,0.0,0.0,causal_edge|volume|price_return|2,0,trained,horizon_expired
2.7113943117563147e-05,0.010000000000005116,0.038345864661622375,57.76825999999999,0.8176,30,0.98,0.02,0.0,causal_edge|volume|price_return|2,0,trained,horizon_expired
0.0,0.010000000000005116,2.1402110743662408e-13,2058.5085200000003,0.8176,30,0.58,0.41,0.01,causal_edge|volume|price_return|2,0,trained,horizon_expired
0.0,0.010000000000005116,2.1402110743662408e-13,38.369,0.8176,30,1.0,0.0,0.0,causal_edge|volume|price_return|2,0,trained,horizon_expired
2.709091641413214e-05,0.010000000000005116,0.038345864661690356,69.59786000000001,0.8176,30,1.0,0.0,0.0,causal_edge|volume|price_return|2,0,trained,horizon_expired
2.7097491480405e-05,0.009999999999990905,0.07518796992505347,28.396060000000006,0.8405,30,0.0,0.0,1.0,causal_edge|volume|price_return|2,0,trained,horizon_expired
2.7097491480405e-05,0.009999999999990905,0.027067669172843187,147.81094000000002,0.8405,30,1.0,0.0,0.0,causal_edge|volume|price_return|2,0,trained,horizon_expired
2.7077775849498486e-05,0.010000000000005116,0.048120300751905896,21.445640000000004,0.8405,30,0.13,0.81,0.06,causal_edge|volume|price_return|2,0,trained,horizon_expired
0.0,0.010000000000005116,1.2526043506285643e-13,270.50435999999996,0.8405,30,0.07,0.89,0.04,causal_edge|volume|price_return|2,0,trained,horizon_expired
2.7077775849498486e-05,0.010000000000005116,0.048120300751905896,227.24568,0.8405,30,1.0,0.0,0.0,causal_edge|volume|price_return|2,0,trained,horizon_expired
3.9347867644024486e-05,0.009999999999990905,0.06090225563879515,829.8881200000001,0.8405,30,0.34,0.65,0.01,causal_edge|volume|price_return|2,0,trained,horizon_expired
3.935741404247544e-05,0.009999999999990905,0.01578947368406517,1583.2960000000003,0.8405,30,1.0,0.0,0.0,causal_edge|volume|price_return|2,0,trained,horizon_expired
0.0,0.010000000000005116,1.2526043506285643e-13,405.1284000000001,0.8405,30,1.0,0.0,0.0,causal_edge|volume|price_return|2,0,trained,horizon_expired
0.0,0.010000000000005116,9.320568855505665e-14,449.635,0.8405,30,0.98,0.02,0.0,causal_edge|volume|price_return|2,1,trained,horizon_expired
4.777229338041586e-05,0.010000000000005116,0.008270676691972565,295.97216000000003,0.8035,30,0.99,0.0,0.01,causal_edge|order_book_imbalance|price_return|4,0,trained,horizon_expired
3.9352640264330234e-05,0.010000000000005116,0.01503759398510813,70.88240000000002,0.8035,30,1.0,0.0,0.0,causal_edge|order_book_imbalance|price_return|4,0,trained,horizon_expired
0.0,0.009999999999990905,1.2429712691507356e-13,396.80895999999996,0.8035,30,0.99,0.01,0.0,causal_edge|order_book_imbalance|price_return|4,0,trained,horizon_expired
2.7097491480405e-05,0.009999999999990905,0.07218045112777896,251.34796000000003,0.8035,30,1.0,0.0,0.0,causal_edge|order_book_imbalance|price_return|4,0,trained,horizon_expired
0.0,0.010000000000005116,9.771933126133977e-14,2145.14456,0.8035,30,1.0,0.0,0.0,causal_edge|order_book_imbalance|price_return|4,0,trained,horizon_expired
2.7100780210348535e-05,0.010000000000005116,0.06842105263165398,269.20203999999995,0.8035,30,1.0,0.0,0.0,causal_edge|order_book_imbalance|price_return|4,0,trained,horizon_expired
0.0,0.010000000000005116,1.2381547284118215e-13,222.12332000000004,0.7944,30,1.0,0.0,0.0,causal_edge|bollinger_width|price_return|4,0,trained,assumption_breach
0.0,0.009999999999990905,1.879249658567817e-13,621.597,0.8499,30,1.0,0.0,0.0,causal_edge|order_book_imbalance|price_return|4,0,trained,horizon_expired
0.0,0.010000000000005116,2.1113118299327555e-13,110.04299999999999,0.8499,30,0.98,0.02,0.0,causal_edge|order_book_imbalance|price_return|4,0,trained,horizon_expired
3.938608105133367e-05,0.009999999999990905,0.018045112782228957,61.565039999999996,0.8499,30,0.96,0.04,0.0,causal_edge|order_book_imbalance|price_return|4,0,trained,horizon_expired
2.7110651191969108e-05,0.010000000000005116,0.03834586466169728,497.518,0.8499,30,0.99,0.01,0.0,causal_edge|order_book_imbalance|price_return|4,0,trained,horizon_expired
0.0,0.010000000000005116,1.2881076962135667e-13,94.52541999999998,0.8499,30,0.99,0.01,0.0,causal_edge|order_book_imbalance|price_return|4,0,trained,horizon_expired
2.712052936712529e-05,0.010000000000005116,0.07218045112806415,97.85466000000001,0.8081,30,0.02,0.0,0.98,causal_edge|order_book_imbalance|price_return|4,0,trained,horizon_expired
2.7117235842218555e-05,0.009999999999990905,0.06842105263179127,56.93832,0.8081,30,0.09,0.89,0.02,causal_edge|order_book_imbalance|price_return|4,0,trained,horizon_expired
0.0,0.009999999999990905,2.1016787484549268e-13,44.31871999999999,0.8081,30,1.0,0.0,0.0,causal_edge|order_book_imbalance|price_return|4,0,trained,horizon_expired
2.7113943117563147e-05,0.010000000000005116,0.056390977443677937,66.70801999999999,0.8081,30,0.96,0.04,0.0,causal_edge|order_book_imbalance|price_return|4,0,trained,horizon_expired
0.0,0.009999999999990905,9.771933126133977e-14,299.06949999999995,0.8081,30,0.97,0.03,0.0,causal_edge|order_book_imbalance|price_return|4,0,trained,horizon_expired
5.571385687653685e-05,0.010000000000005116,0.034586466165177895,127.16976000000003,0.8081,30,1.0,0.0,0.0,causal_edge|order_book_imbalance|price_return|4,0,trained,horizon_expired
3.939086294645795e-05,0.010000000000005116,0.03007518796982192,981.2738800000001,0.791,30,0.01,0.0,0.99,causal_edge|order_book_imbalance|price_return|4,0,trained,horizon_expired
0.0,0.010000000000005116,1.879249658567817e-13,271.15138,0.791,30,1.0,0.0,0.0,causal_edge|order_book_imbalance|price_return|4,0,trained,horizon_expired
2.710406973875846e-05,0.010000000000005116,0.01428571428536452,869.09052,0.791,30,1.0,0.0,0.0,causal_edge|order_book_imbalance|price_return|4,0,trained,horizon_expired
0.0,0.009999999999990905,1.9292026263695625e-13,503.0489999999999,0.791,30,0.4,0.6,0.0,causal_edge|order_book_imbalance|price_return|4,0,trained,horizon_expired
0.0,0.010000000000005116,1.2881076962135667e-13,1255.1710000000003,0.791,30,0.02,0.0,0.98,causal_edge|order_book_imbalance|price_return|4,0,trained,horizon_expired
2.7117235842218555e-05,0.009999999999990905,0.027067669172913124,20.6143,0.791,30,0.98,0.02,0.0,causal_edge|order_book_imbalance|price_return|4,0,trained,horizon_expired
0.0,0.010000000000005116,1.0464124433708e-13,398.6556,1.0,30,0.99,0.0,0.01,trend_persistence,0,trained,horizon_expired
0.0,0.010000000000005116,1.0464124433708e-13,398.6556,0.0,30,0.99,0.0,0.01,volatility_control,0,trained,horizon_expired
0.0,0.010000000000005116,1.0464124433708e-13,398.6556,0.166667,30,0.99,0.0,0.01,spread_constraint,0,trained,horizon_expired
0.0,0.009999999999990905,1.2429712691507356e-13,89.42779999999999,0.8199,30,1.0,0.0,0.0,causal_edge|order_book_imbalance|price_return|4,0,trained,horizon_expired
2.7067928788748866e-05,0.010000000000005116,0.07443609022579922,507.39516,0.8199,30,0.98,0.02,0.0,causal_edge|order_book_imbalance|price_return|4,0,trained,horizon_expired
0.0,0.010000000000005116,3.842637898465446e-14,3131.18826,0.8199,30,0.94,0.06,0.0,causal_edge|order_book_imbalance|price_return|4,0,trained,assumption_breach
0.0,0.010000000000005116,2.0547547609794927e-13,656.7343000000001,0.8199,30,1.0,0.0,0.0,causal_edge|order_book_imbalance|price_return|4,0,trained,horizon_expired
0.0,0.010000000000005116,9.061866214433924e-14,105.90245999999999,0.8199,30,0.96,0.0,0.04,causal_edge|order_book_imbalance|price_return|4,0,trained,horizon_expired
0.0,0.010000000000005116,1.729390755162581e-13,345.36639999999994,0.8199,30,1.0,0.0,0.0,causal_edge|order_book_imbalance|price_return|4,1,trained,horizon_expired
0.0,0.010000000000005116,1.2074679235657332e-13,969.5625200000001,0.803,30,1.0,0.0,0.0,causal_edge|btc_return|price_return|1,0,trained,horizon_expired
2.7041704940024347e-05,0.010000000000005116,0.07218045112757596,1422.2153400000002,0.803,30,0.11,0.69,0.2,causal_edge|btc_return|price_return|1,0,trained,horizon_expired
2.7041704940024347e-05,0.010000000000005116,0.01428571428576511,4.65356,0.803,30,1.0,0.0,0.0,causal_edge|btc_return|price_return|1,0,trained,horizon_expired
2.7028612060850563e-05,0.010000000000005116,0.07218045112807231,102.87900000000002,0.803,30,1.0,0.0,0.0,causal_edge|btc_return|price_return|1,0,trained,horizon_expired
0.0,0.009999999999990905,2.0547547609794927e-13,169.83771999999996,0.803,30,1.0,0.0,0.0,causal_edge|btc_return|price_return|1,0,trained,horizon_expired
2.7005730004385442e-05,0.009999999999990905,0.027067669172916323,250.29640000000006,0.803,30,1.0,0.0,0.0,causal_edge|btc_return|price_return|1,0,trained,horizon_expired
2.7018800718878007e-05,0.010000000000005116,0.048120300752031574,178.17055999999997,0.803,30,1.0,0.0,0.0,causal_edge|btc_return|price_return|1,0,trained,horizon_expired
3.92526577528308e-05,0.009999999999990905,0.020300751879812347,334.30174,0.803,30,1.0,0.0,0.0,causal_edge|btc_return|price_return|1,0,trained,horizon_expired
0.0,0.010000000000005116,1.729390755162581e-13,2223.274,0.803,30,1.0,0.0,0.0,causal_edge|btc_return|price_return|1,0,trained,horizon_expired
0.0,0.010000000000005116,1.729390755162581e-13,2763.55036,0.803,30,1.0,0.0,0.0,causal_edge|btc_return|price_return|1,0,trained,horizon_expired
0.0,0.009999999999990905,5.51923371192995e-14,572.0,0.836,30,0.99,0.01,0.0,causal_edge|btc_return|price_return|1,0,trained,horizon_expired
2.7035156915305163e-05,0.009999999999990905,0.07443609022530746,322.33152,0.836,30,1.0,0.0,0.0,causal_edge|btc_return|price_return|1,0,trained,horizon_expired
0.0,0.010000000000005116,3.246777405669708e-14,572.409,0.836,30,1.0,0.0,0.0,causal_edge|btc_return|price_return|1,0,trained,horizon_expired
6.175132702595887e-05,0.010000000000005116,0.04511278195495955,38.47184,0.836,30,0.12,0.88,0.0,causal_edge|btc_return|price_return|1,0,trained,horizon_expired
0.0,0.009999999999990905,2.0547547609794927e-13,425.945,0.836,30,0.12,0.88,0.0,causal_edge|btc_return|price_return|1,0,trained,horizon_expired
3.923841599522012e-05,0.009999999999990905,0.03383458646609948,19.48228,0.836,30,1.0,0.0,0.0,causal_edge|btc_return|price_return|1,0,trained,horizon_expired
4.7604843508977707e-05,0.009999999999990905,0.051879699248285185,399.75340000000006,0.836,30,1.0,0.0,0.0,causal_edge|btc_return|price_return|1,0,trained,horizon_expired
2.6999199388256455e-05,0.009999999999990905,0.07518796992490043,562.97148,0.836,30,0.98,0.02,0.0,causal_edge|btc_return|price_return|1,0,trained,horizon_expired
2.701880071887801e-05,0.010000000000005116,0.038345864661566614,259.53948,0.836,30,1.0,0.0,0.0,causal_edge|btc_return|price_return|1,0,trained,horizon_expired
0.0,0.010000000000005116,1.729390755162581e-13,623.0604400000001,0.836,30,1.0,0.0,0.0,causal_edge|btc_return|price_return|1,0,trained,horizon_expired
4.763939192912309e-05,0.010000000000005116,0.03909774436072793,804.0103799999998,0.836,30,1.0,0.0,0.0,causal_edge|btc_return|price_return|1,0,trained,horizon_expired
2.7061368059370376e-05,0.009999999999990905,0.014285714285819408,307.4078599999999,0.8179,30,1.0,0.0,0.0,causal_edge|rsi|price_return|1,0,trained,horizon_expired
0.0,0.009999999999990905,2.0709919436088385e-13,130.83799999999997,0.0,30,1.0,0.0,0.0,no_active_trend,0,trained,horizon_expired
0.0,0.009999999999990905,2.0709919436088385e-13,130.83799999999997,0.0,30,1.0,0.0,0.0,volatility_normal,0,trained,horizon_expired
0.0,0.009999999999990905,2.0709919436088385e-13,130.83799999999997,0.166667,30,1.0,0.0,0.0,spread_within_tolerance,0,trained,horizon_expired
2.7074492699894933e-05,0.010000000000005116,0.02706766917294036,1172.9709999999998,0.8179,30,1.0,0.0,0.0,causal_edge|rsi|price_return|1,0,trained,horizon_expired
0.0,0.010000000000005116,1.2811891478703504e-14,1430.5813999999998,0.8179,30,1.0,0.0,0.0,causal_edge|rsi|price_return|1,0,trained,horizon_expired
2.7084344537956613e-05,0.010000000000005116,0.06315789473683416,751.8123999999999,0.8179,30,1.0,0.0,0.0,causal_edge|rsi|price_return|1,0,trained,horizon_expired
0.0,0.009999999999990905,2.0709919436088385e-13,918.4984,0.8179,30,1.0,0.0,0.0,causal_edge|rsi|price_return|1,0,trained,horizon_expired
3.933832587549057e-05,0.010000000000005116,0.0022556390980916783,1070.14534,0.8179,30,0.99,0.01,0.0,causal_edge|rsi|price_return|1,0,trained,horizon_expired
0.0,0.010000000000005116,1.24778780988965e-13,1577.272,0.8179,30,0.98,0.02,0.0,causal_edge|rsi|price_return|1,0,trained,horizon_expired
0.0,0.010000000000005116,4.1167998883604443e-13,2171.76288,0.8179,30,1.0,0.0,0.0,causal_edge|rsi|price_return|1,0,trained,horizon_expired
0.0,0.010000000000005116,4.1167998883604443e-13,2260.3091600000002,0.8179,30,1.0,0.0,0.0,causal_edge|rsi|price_return|1,0,trained,horizon_expired
3.931925621491829e-05,0.009999999999990905,0.011278195488587214,706.24526,0.8562,30,0.99,0.01,0.0,causal_edge|rsi|price_return|1,0,trained,horizon_expired
3.93335567263979e-05,0.009999999999990905,0.012030075187923256,481.1436,0.8562,30,0.98,0.02,0.0,causal_edge|rsi|price_return|1,0,trained,horizon_expired
0.0,0.009999999999990905,1.340996689827063e-13,620.1724800000001,0.8562,30,0.98,0.02,0.0,causal_edge|rsi|price_return|1,0,trained,horizon_expired
2.7054810509776193e-05,0.010000000000005116,0.014285714285843791,2.1745000000000005,0.8562,30,0.98,0.02,0.0,causal_edge|rsi|price_return|1,0,trained,horizon_expired
2.7048256137388046e-05,0.010000000000005116,0.07518796992481083,6.649,0.8562,30,1.0,0.0,0.0,causal_edge|rsi|price_return|1,0,trained,horizon_expired
3.930972831625218e-05,0.010000000000005116,0.0030075187969001663,25.922960000000003,0.8562,30,0.99,0.01,0.0,causal_edge|rsi|price_return|1,0,trained,horizon_expired
0.0,0.010000000000005116,3.485338039682277e-13,108.66164,0.8562,30,1.0,0.0,0.0,causal_edge|rsi|price_return|1,0,trained,horizon_expired
4.7708639425003524e-05,0.010000000000005116,0.025563909774219788,120.87068000000001,0.8562,30,1.0,0.0,0.0,causal_edge|rsi|price_return|1,0,trained,horizon_expired
0.0,0.010000000000005116,3.7944724910763034e-14,198.37949999999998,0.8562,30,1.0,0.0,0.0,causal_edge|rsi|price_return|1,0,trained,horizon_expired
3.9324021896832165e-05,0.010000000000005116,0.02481203007541349,213.01069999999999,0.8562,30,0.0,0.02,0.98,causal_edge|rsi|price_return|1,0,trained,horizon_expired
3.93335567263979e-05,0.009999999999990905,0.04511278195473313,99.00578,0.8562,30,0.97,0.02,0.01,causal_edge|rsi|price_return|1,0,trained,horizon_expired
0.0,0.010000000000005116,9.320568855505665e-14,287.96,0.8444,30,1.0,0.0,0.0,causal_edge|volatility|price_return|3,0,trained,horizon_expired
2.7061368059370376e-05,0.009999999999990905,0.014285714285819142,106.06101999999998,0.8444,30,1.0,0.0,0.0,causal_edge|volatility|price_return|3,0,trained,horizon_expired
4.7749126844022976e-05,0.009999999999990905,0.007518796992301217,305.4022,0.8444,30,1.0,0.0,0.0,causal_edge|volatility|price_return|3,0,trained,horizon_expired
2.7054810509776193e-05,0.010000000000005116,0.03834586466162351,62.603,0.8444,30,1.0,0.0,0.0,causal_edge|volatility|price_return|3,0,trained,horizon_expired
0.0,0.009999999999990905,1.2074679235657332e-13,1123.64248,0.8444,30,1.0,0.0,0.0,causal_edge|volatility|price_return|3,0,trained,horizon_expired
2.7031884092017903e-05,0.010000000000005116,0.0631578947366828,137.40720000000002,0.8444,30,1.0,0.0,0.0,causal_edge|volatility|price_return|3,0,trained,horizon_expired
0.0,0.010000000000005116,1.7841602637032406e-13,221.44320000000005,0.8444,30,1.0,0.0,0.0,causal_edge|volatility|price_return|3,0,trained,horizon_expired
0.0,0.010000000000005116,3.842637898465446e-14,1346.1830000000002,0.8444,30,0.96,0.02,0.02,causal_edge|volatility|price_return|3,0,trained,horizon_expired
0.0,0.010000000000005116,1.2766870543231355e-13,383.013,0.8072,30,1.0,0.0,0.0,causal_edge|volatility|price_return|3,0,trained,horizon_expired
4.773755199993915e-05,0.010000000000005116,0.048120300751925416,266.12633999999997,0.8072,30,0.06,0.88,0.06,causal_edge|volatility|price_return|3,0,trained,horizon_expired
0.0,0.010000000000005116,1.2381547284118215e-13,367.64495999999997,0.8072,30,0.06,0.91,0.03,causal_edge|volatility|price_return|3,0,trained,horizon_expired
2.7097491480405e-05,0.009999999999990905,0.0684210526316535,34.11984,0.8072,30,1.0,0.0,0.0,causal_edge|volatility|price_return|3,0,trained,horizon_expired
0.0,0.010000000000005116,1.2381547284118215e-13,171.94595999999999,0.8072,30,1.0,0.0,0.0,causal_edge|volatility|price_return|3,0,trained,horizon_expired
2.709420354813454e-05,0.010000000000005116,0.07443609022554917,24.031359999999996,0.8072,30,1.0,0.0,0.0,causal_edge|volatility|price_return|3,0,trained,horizon_expired
2.709420354813454e-05,0.010000000000005116,0.06315789473670581,280.30076,0.8072,30,1.0,0.0,0.0,causal_edge|volatility|price_return|3,0,trained,horizon_expired
2.709420354813454e-05,0.010000000000005116,0.0721804511278263,294.13341999999994,0.8072,30,1.0,0.0,0.0,causal_edge|volatility|price_return|3,0,trained,horizon_expired
2.708105979538683e-05,0.009999999999990905,0.04812030075162044,78.98104000000001,0.8268,30,0.06,0.91,0.03,causal_edge|volatility|price_return|3,0,trained,horizon_expired
4.776070730301582e-05,0.010000000000005116,0.009022556390890432,115.08534,0.8268,30,1.0,0.0,0.0,causal_edge|volatility|price_return|3,0,trained,horizon_expired
3.9347867644024486e-05,0.009999999999990905,0.002255639097848137,85.27778,0.8268,30,1.0,0.0,0.0,causal_edge|volatility|price_return|3,0,trained,horizon_expired
0.0,0.009999999999990905,1.2429712691507356e-13,20.747839999999997,0.8268,30,0.03,0.31,0.66,causal_edge|volatility|price_return|3,0,trained,horizon_expired
0.0,0.010000000000005116,1.2381547284118215e-13,62.45908,0.7888,30,1.0,0.0,0.0,causal_edge|price_in_band|price_return|4,0,trained,horizon_expired
2.7087630077406167e-05,0.009999999999990905,0.0751879699251358,445.00218000000007,0.8268,30,1.0,0.0,0.0,causal_edge|volatility|price_return|3,0,trained,horizon_expired
0.0,0.010000000000005116,2.1402110743662408e-13,140.13199999999998,0.8268,30,0.93,0.0,0.07,causal_edge|volatility|price_return|3,0,trained,horizon_expired
2.7113943117563147e-05,0.010000000000005116,0.06842105263134628,311.80548000000005,0.8252,30,0.96,0.0,0.04,causal_edge|volatility|price_return|3,0,trained,horizon_expired
0.0,0.009999999999990905,1.2881076962135667e-13,997.0040000000001,0.8252,30,1.0,0.0,0.0,causal_edge|volatility|price_return|3,0,trained,horizon_expired
0.0,0.010000000000005116,1.2990647519963793e-14,1439.8850600000003,0.8252,30,0.02,0.16,0.82,causal_edge|volatility|price_return|3,0,trained,assumption_breach
2.72163908276316e-05,0.009999999999990905,0.027067669172659528,7380.8730000000005,0.8252,30,0.12,0.02,0.86,causal_edge|volatility|price_return|3,0,trained,horizon_expired
2.722634622277759e-05,0.009999999999990905,0.07218045112773482,383.1370999999999,0.8443,30,0.97,0.0,0.03,causal_edge|eth_return|price_return|1,0,trained,horizon_expired
2.72163908276316e-05,0.009999999999990905,0.06842105263162017,2019.25818,0.8443,30,0.98,0.0,0.02,causal_edge|eth_return|price_return|1,0,trained,horizon_expired
2.719650186288085e-05,0.010000000000005116,0.038345864661372,233.45099999999994,0.8443,30,1.0,0.0,0.0,causal_edge|eth_return|price_return|1,0,trained,assumption_breach
0.0,0.009999999999990905,1.2526043506285643e-13,411.01376,1.0,30,1.0,0.0,0.0,trend_persistence,0,trained,horizon_expired
0.0,0.009999999999990905,1.2526043506285643e-13,411.01376,0.0,30,1.0,0.0,0.0,volatility_control,0,trained,horizon_expired
0.0,0.009999999999990905,1.2526043506285643e-13,411.01376,0.166667,30,1.0,0.0,0.0,spread_constraint,0,trained,horizon_expired
0.0,0.009999999999990905,2.572085116938161e-13,3824.173,0.787,30,1.0,0.0,0.0,causal_edge|eth_return|price_return|1,0,trained,horizon_expired
4.801105293825133e-05,0.010000000000005116,0.042105263157710404,4006.04586,0.787,30,1.0,0.0,0.0,causal_edge|eth_return|price_return|1,0,trained,horizon_expired
3.955896392897928e-05,0.009999999999990905,0.008270676692095882,4172.51532,0.787,30,1.0,0.0,0.0,causal_edge|eth_return|price_return|1,0,trained,horizon_expired
0.0,0.010000000000005116,2.0572970710855738e-14,40.40688,0.787,30,0.92,0.0,0.08,causal_edge|eth_return|price_return|1,0,trained,horizon_expired
2.721970848363641e-05,0.010000000000005116,0.07443609022556172,333.11902000000003,0.787,30,1.0,0.0,0.0,causal_edge|eth_return|price_return|1,0,trained,horizon_expired
0.0,0.009999999999990905,2.005025858278482e-13,651.4153200000001,0.787,30,1.0,0.0,0.0,causal_edge|eth_return|price_return|1,0,trained,horizon_expired
0.0,0.009999999999990905,1.442783140357717e-13,834.8099999999997,0.787,30,1.0,0.0,0.0,causal_edge|eth_return|price_return|1,0,trained,assumption_breach
2.7236308903483144e-05,0.009999999999990905,0.06315789473672079,644.337,0.787,30,1.0,0.0,0.0,causal_edge|eth_return|price_return|1,0,trained,horizon_expired
0.0,0.009999999999990905,1.442783140357717e-13,164.14014,0.787,30,0.03,0.3,0.67,causal_edge|eth_return|price_return|1,0,trained,horizon_expired
0.0,0.009999999999990905,5.4554333514221203e-14,208.40144,0.787,30,1.0,0.0,0.0,causal_edge|eth_return|price_return|1,0,trained,horizon_expired
2.7209757941365235e-05,0.009999999999990905,0.014285714285441186,277.52880000000005,0.787,30,0.06,0.05,0.89,causal_edge|eth_return|price_return|1,0,trained,horizon_expired
0.0,0.010000000000005116,1.9358067275210794e-13,617.3835799999999,0.787,30,1.0,0.0,0.0,causal_edge|eth_return|price_return|1,0,trained,horizon_expired
0.0,0.010000000000005116,5.78942100699317e-14,3.3969999999999994,0.787,30,1.0,0.0,0.0,causal_edge|eth_return|price_return|1,0,trained,horizon_expired
3.953486171487146e-05,0.009999999999990905,0.04210526315801381,68.47892000000002,0.787,30,0.05,0.04,0.91,causal_edge|eth_return|price_return|1,0,trained,horizon_expired
0.0,0.010000000000005116,2.5528189539825035e-13,1596.11678,0.7528,30,0.09,0.0,0.91,causal_edge|btc_return|price_return|1,0,trained,horizon_expired
0.0,0.010000000000005116,5.954963029439573e-14,2024.7149999999997,0.7528,30,1.0,0.0,0.0,causal_edge|btc_return|price_return|1,0,trained,horizon_expired
2.7232987200011356e-05,0.010000000000005116,0.038345864661803813,2262.27428,0.7528,30,0.96,0.04,0.0,causal_edge|btc_return|price_return|1,0,trained,horizon_expired
2.7229666306310622e-05,0.010000000000005116,0.02706766917301444,114.64326000000001,0.7528,30,0.99,0.01,0.0,causal_edge|btc_return|price_return|1,0,trained,horizon_expired
2.7216390827631595e-05,0.009999999999990905,0.027067669173062987,1141.305,0.7528,30,1.0,0.0,0.0,causal_edge|btc_return|price_return|1,0,trained,horizon_expired
0.0,0.010000000000005116,1.9358067275210794e-13,1280.82414,0.7528,30,1.0,0.0,0.0,causal_edge|btc_return|price_return|1,0,trained,assumption_breach
0.0,0.010000000000005116,1.9953927768006532e-13,269.68871999999993,0.7528,30,1.0,0.0,0.0,causal_edge|btc_return|price_return|1,0,trained,horizon_expired
3.954931951760261e-05,0.010000000000005116,0.05789473684180426,393.4148,0.7528,30,1.0,0.0,0.0,causal_edge|btc_return|price_return|1,0,trained,horizon_expired
0.0,0.010000000000005116,6.126578858717168e-14,150.0347,0.7528,30,1.0,0.0,0.0,causal_edge|btc_return|price_return|1,0,trained,horizon_expired
2.722634622277759e-05,0.009999999999990905,0.02706766917309504,788.6526000000001,0.7528,30,0.98,0.0,0.02,causal_edge|btc_return|price_return|1,0,trained,horizon_expired
3.956378789851414e-05,0.010000000000005116,0.0022556390980274124,53.390879999999996,0.7528,30,0.97,0.0,0.03,causal_edge|btc_return|price_return|1,0,trained,horizon_expired
2.7229666306310622e-05,0.010000000000005116,0.06315789473702377,139.94109999999998,0.7528,30,1.0,0.0,0.0,causal_edge|btc_return|price_return|1,0,trained,horizon_expired
0.0,0.010000000000005116,2.572085116938161e-13,27.999859999999998,0.7528,30,1.0,0.0,0.0,causal_edge|btc_return|price_return|1,0,trained,horizon_expired
0.0,0.010000000000005116,1.9953927768006532e-13,828.7583999999999,0.8113,30,0.97,0.0,0.03,causal_edge|btc_return|price_return|1,0,trained,horizon_expired
0.0,0.010000000000005116,2.005025858278482e-13,120.65276000000001,0.8113,30,1.0,0.0,0.0,causal_edge|btc_return|price_return|1,0,trained,horizon_expired
2.719650186288085e-05,0.010000000000005116,0.014285714285563713,551.663,0.8113,30,0.04,0.0,0.96,causal_edge|btc_return|price_return|1,0,trained,horizon_expired
0.0,0.010000000000005116,1.9502563497378221e-13,203.50196000000003,0.8113,30,1.0,0.0,0.0,causal_edge|btc_return|price_return|1,0,trained,horizon_expired
0.0,0.010000000000005116,2.490785737587856e-14,286.19519999999994,0.8113,30,1.0,0.0,0.0,causal_edge|btc_return|price_return|1,0,trained,horizon_expired
0.0,0.010000000000005116,1.4617322836980792e-13,396.79238,0.8113,30,0.14,0.02,0.84,causal_edge|btc_return|price_return|1,0,trained,horizon_expired
0.0,0.009999999999990905,1.4617322836980792e-13,409.3214,0.8113,30,1.0,0.0,0.0,causal_edge|btc_return|price_return|1,0,trained,horizon_expired
2.718656827721158e-05,0.010000000000005116,0.06315789473663269,1251.6902799999998,0.8113,30,1.0,0.0,0.0,causal_edge|btc_return|price_return|1,0,trained,horizon_expired
0.0,0.010000000000005116,1.4617322836980792e-13,1596.7971,0.8113,30,1.0,0.0,0.0,causal_edge|btc_return|price_return|1,0,trained,horizon_expired
0.0,0.010000000000005116,3.606297698654028e-13,97.17,0.8113,30,0.04,0.03,0.93,causal_edge|btc_return|price_return|1,0,trained,horizon_expired
0.0,0.010000000000005116,2.2208508470140742e-13,1182.1270000000002,0.8113,30,0.09,0.0,0.91,causal_edge|btc_return|price_return|1,0,trained,horizon_expired
0.0,0.010000000000005116,1.8810372189804196e-13,1240.593,0.8113,30,0.01,0.33,0.66,causal_edge|btc_return|price_return|1,0,trained,horizon_expired
2.717002841685567e-05,0.009999999999990905,0.05639097744332804,1066.15624,0.8113,30,0.0,0.32,0.68,causal_edge|btc_return|price_return|1,0,trained,horizon_expired
4.790593842672881e-05,0.010000000000005116,0.02706766917315162,1324.11578,0.8068,30,0.03,0.29,0.68,causal_edge|btc_return|price_return|1,0,trained,horizon_expired
2.7166722859619744e-05,0.010000000000005116,0.038345864661789596,1809.5835600000003,0.8068,30,1.0,0.0,0.0,causal_edge|btc_return|price_return|1,0,trained,horizon_expired
2.7166722859619744e-05,0.010000000000005116,0.027067669173060402,282.59252,0.8068,30,1.0,0.0,0.0,causal_edge|btc_return|price_return|1,0,trained,horizon_expired
0.0,0.010000000000005116,3.606297698654028e-13,326.598,0.8068,30,1.0,0.0,0.0,causal_edge|btc_return|price_return|1,0,trained,horizon_expired
0.0,0.010000000000005116,1.895486841197163e-13,986.102,0.8068,30,0.93,0.0,0.07,causal_edge|btc_return|price_return|1,0,trained,horizon_expired
2.7173334778706136e-05,0.010000000000005116,0.027067669173083127,198.33306000000002,0.8068,30,1.0,0.0,0.0,causal_edge|btc_return|price_return|1,0,trained,horizon_expired
0.0,0.009999999999990905,2.2208508470140742e-13,360.52308,0.8068,30,1.0,0.0,0.0,causal_edge|btc_return|price_return|1,0,trained,horizon_expired
0.0,0.009999999999990905,3.606297698654028e-13,18.006860000000003,0.8068,30,0.03,0.18,0.79,causal_edge|btc_return|price_return|1,0,trained,horizon_expired
0.0,0.010000000000005116,2.0572970710855738e-14,290.58423999999997,0.8068,30,0.99,0.01,0.0,causal_edge|btc_return|price_return|1,0,trained,horizon_expired
2.7246278878276327e-05,0.009999999999990905,0.0563909774439193,1076.027,0.83,30,0.11,0.0,0.89,causal_edge|btc_return|price_return|1,0,trained,horizon_expired
0.0,0.010000000000005116,1.9953927768006532e-13,1529.4339999999997,0.83,30,0.04,0.96,0.0,causal_edge|btc_return|price_return|1,0,trained,horizon_expired
2.7236308903483144e-05,0.009999999999990905,0.027067669173174477,1556.1180000000002,0.83,30,1.0,0.0,0.0,causal_edge|btc_return|price_return|1,0,trained,horizon_expired
2.7232987200011353e-05,0.010000000000005116,0.027067669173003395,1658.5732199999998,0.83,30,1.0,0.0,0.0,causal_edge|btc_return|price_return|1,0,trained,horizon_expired
0.0,0.010000000000005116,2.572085116938161e-13,1891.474,0.83,30,1.0,0.0,0.0,causal_edge|btc_return|price_return|1,0,trained,assumption_breach
2.7246278878276327e-05,0.009999999999990905,0.014285714286069978,203.1929,0.83,30,0.03,0.02,0.95,causal_edge|btc_return|price_return|1,0,trained,horizon_expired
0.0,0.010000000000005116,2.5528189539825035e-13,345.48690000000005,0.83,30,0.93,0.0,0.07,causal_edge|btc_return|price_return|1,0,trained,horizon_expired
2.7242954742318137e-05,0.010000000000005116,0.07518796992489475,448.71327999999994,0.83,30,0.01,0.99,0.0,causal_edge|btc_return|price_return|1,0,trained,horizon_expired
0.0,0.010000000000005116,2.5528189539825035e-13,186.69738,0.83,30,1.0,0.0,0.0,causal_edge|btc_return|price_return|1,0,trained,horizon_expired
2.7236308903483144e-05,0.009999999999990905,0.06315789473699424,843.1535999999999,0.83,30,1.0,0.0,0.0,causal_edge|btc_return|price_return|1,0,trained,horizon_expired
2.7236308903483144e-05,0.009999999999990905,0.038345864661927354,877.8176400000002,0.83,30,1.0,0.0,0.0,causal_edge|btc_return|price_return|1,0,trained,horizon_expired
5.596529466460669e-05,0.009999999999990905,0.0037593984960504357,34.87852,0.83,30,1.0,0.0,0.0,causal_edge|btc_return|price_return|1,0,trained,horizon_expired
2.7232987200011356e-05,0.010000000000005116,0.06315789473680118,150.83164,0.83,30,0.03,0.3,0.67,causal_edge|btc_return|price_return|1,0,trained,horizon_expired
2.722634622277759e-05,0.010000000000005116,0.014285714285901571,1627.0275600000002,0.83,30,1.0,0.0,0.0,causal_edge|btc_return|price_return|1,0,trained,horizon_expired
2.7229666306310622e-05,0.010000000000005116,0.07218045112801112,242.61936000000003,0.8421,30,0.98,0.0,0.02,causal_edge|btc_return|price_return|1,0,trained,horizon_expired
0.0,0.009999999999990905,1.442783140357717e-13,643.80548,0.8421,30,1.0,0.0,0.0,causal_edge|btc_return|price_return|1,0,trained,horizon_expired
0.0,0.009999999999990905,2.0572970710855738e-14,655.7141400000002,0.8421,30,1.0,0.0,0.0,causal_edge|btc_return|price_return|1,0,trained,horizon_expired
0.0,0.009999999999990905,2.0572970710855738e-14,206.59380000000002,0.8421,30,1.0,0.0,0.0,causal_edge|btc_return|price_return|1,0,trained,horizon_expired
3.956378789851414e-05,0.010000000000005116,0.02406015037591758,355.76919999999996,0.8421,30,1.0,0.0,0.0,causal_edge|btc_return|price_return|1,0,trained,horizon_expired
0.0,0.010000000000005116,6.126578858717168e-14,560.998,0.8421,30,1.0,0.0,0.0,causal_edge|btc_return|price_return|1,0,trained,horizon_expired
0.0,0.009999999999990905,2.0572970710855738e-14,283.59854,0.8134,30,1.0,0.0,0.0,causal_edge|volatility|price_return|1,0,trained,horizon_expired
2.7229666306310622e-05,0.010000000000005116,0.038345864661400504,127.15845999999999,0.8421,30,0.97,0.0,0.03,causal_edge|btc_return|price_return|1,0,trained,horizon_expired
2.7232987200011356e-05,0.010000000000005116,0.038345864661803813,292.269,0.8421,30,0.03,0.97,0.0,causal_edge|btc_return|price_return|1,0,trained,horizon_expired
0.0,0.010000000000005116,1.442783140357717e-13,4064.76842,1.0,30,1.0,0.0,0.0,trend_persistence,0,trained,horizon_expired
0.0,0.010000000000005116,1.442783140357717e-13,4064.76842,0.0,30,1.0,0.0,0.0,volatility_control,0,trained,horizon_expired
0.0,0.010000000000005116,1.442783140357717e-13,4064.76842,0.166667,30,1.0,0.0,0.0,spread_constraint,0,trained,horizon_expired
0.0,0.009999999999990905,2.7013229712704547e-14,554.4090000000001,0.8421,30,0.03,0.97,0.0,causal_edge|btc_return|price_return|1,1,trained,horizon_expired
0.0,0.010000000000005116,1.8036504917596318e-13,1488.3361199999997,0.8335,30,0.0,0.0,1.0,causal_edge|spread|price_return|3,0,trained,horizon_expired
3.9597588657459915e-05,0.009999999999990905,0.05413533834571667,22.40558,0.8335,30,1.0,0.0,0.0,causal_edge|spread|price_return|3,0,trained,horizon_expired
0.0,0.010000000000005116,5.6659705851047193e-14,78.7388,0.8335,30,0.75,0.25,0.0,causal_edge|spread|price_return|3,0,trained,horizon_expired
2.726624074086636e-05,0.010000000000005116,0.07443609022567303,160.32273999999998,0.8335,30,1.0,0.0,0.0,causal_edge|spread|price_return|3,0,trained,horizon_expired
0.0,0.010000000000005116,3.435609136981266e-13,215.49952000000005,0.8335,30,1.0,0.0,0.0,causal_edge|spread|price_return|3,0,trained,horizon_expired
0.0,0.009999999999990905,1.157739020864722e-13,342.37185999999986,0.8335,30,1.0,0.0,0.0,causal_edge|spread|price_return|3,0,trained,assumption_breach
0.0,0.010000000000005116,2.030896122385656e-13,1245.27764,0.8163,30,1.0,0.0,0.0,causal_edge|spread|price_return|3,0,trained,horizon_expired
4.812250874003592e-05,0.009999999999990905,0.015037593984700396,281.21777999999995,0.8163,30,1.0,0.0,0.0,causal_edge|spread|price_return|3,0,trained,horizon_expired
0.0,0.009999999999990905,2.5931388403064205e-13,118.87022,0.8163,30,1.0,0.0,0.0,causal_edge|spread|price_return|3,0,trained,horizon_expired
2.7289566580824747e-05,0.010000000000005116,0.07443609022541416,1254.0881599999996,0.8163,30,0.04,0.96,0.0,causal_edge|spread|price_return|3,0,trained,horizon_expired
0.0,0.010000000000005116,1.202875447927553e-13,189.91942000000003,0.8163,30,1.0,0.0,0.0,causal_edge|spread|price_return|3,0,trained,horizon_expired
0.0,0.010000000000005116,2.030896122385656e-13,469.41144,0.8163,30,0.98,0.02,0.0,causal_edge|spread|price_return|3,0,trained,horizon_expired
4.810487606501983e-05,0.009999999999990905,0.02030075188013411,328.98441999999994,0.8282,30,1.0,0.0,0.0,causal_edge|spread|price_return|3,0,trained,horizon_expired
2.7259583537470766e-05,0.010000000000005116,0.06842105263134719,2.4507200000000005,0.8282,30,0.98,0.0,0.02,causal_edge|spread|price_return|3,0,trained,horizon_expired
0.0,0.009999999999990905,3.44167968623362e-14,252.35929999999996,0.8282,30,1.0,0.0,0.0,causal_edge|spread|price_return|3,0,trained,horizon_expired
3.961692931989602e-05,0.010000000000005116,0.033834586466506264,285.55928000000006,0.8282,30,0.98,0.0,0.02,causal_edge|spread|price_return|3,0,trained,horizon_expired
0.0,0.009999999999990905,5.6659705851047193e-14,41.20442,0.8282,30,0.97,0.0,0.03,causal_edge|spread|price_return|3,0,trained,horizon_expired
0.0,0.009999999999990905,2.523919709549018e-13,85.53162,0.8282,30,0.04,0.04,0.92,causal_edge|spread|price_return|3,0,trained,horizon_expired
0.0,0.009999999999990905,2.2274549481655916e-13,186.30358,0.8567,30,0.04,0.04,0.92,causal_edge|volatility|price_return|2,0,trained,horizon_expired
0.0,0.009999999999990905,2.523919709549018e-13,233.2628,0.8567,30,1.0,0.0,0.0,causal_edge|volatility|price_return|2,0,trained,horizon_expired
0.0,0.010000000000005116,5.954963029439573e-14,256.85,0.8567,30,0.98,0.0,0.02,causal_edge|volatility|price_return|2,0,trained,horizon_expired
0.0,0.010000000000005116,2.5528189539825035e-13,848.48054,0.8567,30,0.98,0.0,0.02,causal_edge|volatility|price_return|2,0,trained,horizon_expired
0.0,0.009999999999990905,5.954963029439573e-14,924.4608400000001,0.8567,30,1.0,0.0,0.0,causal_edge|volatility|price_return|2,0,trained,horizon_expired
0.0,0.010000000000005116,2.5528189539825035e-13,40.436699999999995,0.8567,30,1.0,0.0,0.0,causal_edge|volatility|price_return|2,0,trained,horizon_expired
2.7232987200011356e-05,0.010000000000005116,0.06315789473702822,723.5874200000002,1.0,30,0.03,0.97,0.0,trend_persistence,0,trained,horizon_expired
2.7232987200011356e-05,0.010000000000005116,0.06315789473702822,723.5874200000002,0.000389,30,0.03,0.97,0.0,volatility_control,0,trained,horizon_expired
2.7232987200011356e-05,0.010000000000005116,0.06315789473702822,723.5874200000002,0.166667,30,0.03,0.97,0.0,spread_constraint,0,trained,horizon_expired
0.0,0.010000000000005116,2.572085116938161e-13,415.74308,0.8567,30,0.07,0.84,0.09,causal_edge|volatility|price_return|2,0,trained,horizon_expired
0.0,0.010000000000005116,1.9953927768006532e-13,71.1745,0.8496,30,1.0,0.0,0.0,causal_edge|volatility|price_return|2,0,trained,horizon_expired
2.721970848363641e-05,0.010000000000005116,0.06315789473677558,488.2438399999999,0.8496,30,0.98,0.0,0.02,causal_edge|volatility|price_return|2,0,trained,horizon_expired
2.7213073980406198e-05,0.010000000000005116,0.014285714285589808,162.941,0.8496,30,1.0,0.0,0.0,causal_edge|volatility|price_return|2,0,trained,horizon_expired
0.0,0.009999999999990905,2.572085116938161e-13,7.755,0.8496,30,1.0,0.0,0.0,causal_edge|volatility|price_return|2,0,trained,horizon_expired
2.721970848363641e-05,0.010000000000005116,0.04812030075218487,70.63336,0.8496,30,1.0,0.0,0.0,causal_edge|volatility|price_return|2,0,trained,horizon_expired
0.0,0.009999999999990905,1.359114387383572e-13,106.00150000000002,0.8496,30,1.0,0.0,0.0,causal_edge|volatility|price_return|2,0,trained,horizon_expired
0.0,0.009999999999990905,3.4193719543519203e-13,1906.4994200000003,0.8496,30,1.0,0.0,0.0,causal_edge|volatility|price_return|2,1,trained,horizon_expired
2.7203128287241633e-05,0.010000000000005116,0.07443609022537366,2.2750000000000004,0.8462,30,1.0,0.0,0.0,causal_edge|volume|price_return|3,0,trained,horizon_expired
0.0,0.010000000000005116,1.9502563497378221e-13,152.78776,0.8462,30,0.99,0.01,0.0,causal_edge|volume|price_return|3,0,trained,horizon_expired
2.7193189861192166e-05,0.010000000000005116,0.07443609022554379,6.669779999999999,0.8462,30,1.0,0.0,0.0,causal_edge|volume|price_return|3,0,trained,horizon_expired
3.9525229050752986e-05,0.010000000000005116,0.06015037593959173,130.10538000000005,0.8462,30,1.0,0.0,0.0,causal_edge|volume|price_return|3,0,trained,horizon_expired
0.0,0.009999999999990905,5.4554333514221203e-14,343.1699999999999,0.8462,30,1.0,0.0,0.0,causal_edge|volume|price_return|3,0,trained,horizon_expired
0.0,0.009999999999990905,2.005025858278482e-13,22.671,0.8462,30,1.0,0.0,0.0,causal_edge|volume|price_return|3,0,trained,horizon_expired
0.0,0.009999999999990905,2.005025858278482e-13,104.31479999999999,0.8462,30,1.0,0.0,0.0,causal_edge|volume|price_return|3,0,trained,horizon_expired
0.0,0.009999999999990905,1.442783140357717e-13,756.4274800000001,0.8437,30,1.0,0.0,0.0,causal_edge|regime_volatile|price_return|4,0,trained,horizon_expired
2.7232987200011353e-05,0.010000000000005116,0.027067669172671796,776.0652399999999,0.8437,30,1.0,0.0,0.0,causal_edge|regime_volatile|price_return|4,0,trained,horizon_expired
0.0,0.009999999999990905,2.2274549481655916e-13,282.94806,0.8437,30,1.0,0.0,0.0,causal_edge|regime_volatile|price_return|4,0,trained,horizon_expired
4.8016906160303534e-05,0.010000000000005116,0.002255639097765168,226.87374000000003,0.8437,30,1.0,0.0,0.0,causal_edge|regime_volatile|price_return|4,0,trained,horizon_expired
2.72163908276316e-05,0.009999999999990905,0.06842105263143163,256.63319999999993,0.8437,30,1.0,0.0,0.0,causal_edge|regime_volatile|price_return|4,0,trained,horizon_expired
3.956378789851414e-05,0.010000000000005116,0.027067669172647198,594.4314199999999,0.854,30,1.0,0.0,0.0,causal_edge|regime_volatile|price_return|4,0,trained,horizon_expired
0.0,0.010000000000005116,1.9953927768006532e-13,23.681000000000004,0.854,30,1.0,0.0,0.0,causal_edge|regime_volatile|price_return|4,0,trained,horizon_expired
2.7223026948618965e-05,0.009999999999990905,0.027067669173152717,31.396999999999995,0.854,30,0.98,0.02,0.0,causal_edge|regime_volatile|price_return|4,0,trained,horizon_expired
0.0,0.009999999999990905,2.0572970710855738e-14,118.17190000000001,0.854,30,1.0,0.0,0.0,causal_edge|regime_volatile|price_return|4,0,trained,horizon_expired
0.0,0.009999999999990905,2.0572970710855738e-14,318.51400000000007,0.8485,30,0.11,0.89,0.0,causal_edge|regime_volatile|price_return|4,0,trained,horizon_expired
2.720644271031038e-05,0.010000000000005116,0.056390977443380716,9.101,0.8485,30,0.73,0.26,0.01,causal_edge|regime_volatile|price_return|4,0,trained,horizon_expired
0.0,0.010000000000005116,2.0572970710855738e-14,19.772080000000003,0.8485,30,0.01,0.31,0.68,causal_edge|regime_volatile|price_return|4,0,trained,horizon_expired
0.0,0.009999999999990905,1.359114387383572e-13,27.04508,0.8485,30,0.01,0.16,0.83,causal_edge|regime_volatile|price_return|4,0,trained,horizon_expired
0.0,0.009999999999990905,1.442783140357717e-13,199.92479999999995,0.8485,30,0.99,0.01,0.0,causal_edge|regime_volatile|price_return|4,0,trained,horizon_expired
0.0,0.010000000000005116,2.572085116938161e-13,249.08216000000002,0.8454,30,1.0,0.0,0.0,causal_edge|regime_volatile|price_return|4,0,trained,horizon_expired
0.0,0.010000000000005116,1.9953927768006532e-13,251.28108,0.8454,30,0.02,0.19,0.79,causal_edge|regime_volatile|price_return|4,0,trained,horizon_expired
3.9578266869708894e-05,0.010000000000005116,0.009022556390798143,935.28796,0.8454,30,0.06,0.89,0.05,causal_edge|regime_volatile|price_return|4,0,trained,horizon_expired
0.0,0.010000000000005116,1.9953927768006532e-13,267.1072999999999,1.0,30,1.0,0.0,0.0,trend_persistence,0,trained,horizon_expired
0.0,0.010000000000005116,1.9953927768006532e-13,267.1072999999999,0.0,30,1.0,0.0,0.0,volatility_control,0,trained,horizon_expired
0.0,0.010000000000005116,1.9953927768006532e-13,267.1072999999999,0.166667,30,1.0,0.0,0.0,spread_constraint,0,trained,horizon_expired
2.7223026948618965e-05,0.010000000000005116,0.038345864661880724,315.94752,0.8454,30,0.0,0.0,1.0,causal_edge|regime_volatile|price_return|4,0,trained,horizon_expired
0.0,0.009999999999990905,2.0572970710855738e-14,335.22051999999996,0.8454,30,1.0,0.0,0.0,causal_edge|regime_volatile|price_return|4,1,trained,horizon_expired
0.0,0.009999999999990905,3.4193719543519203e-13,178.36664000000002,0.849,30,0.97,0.0,0.03,causal_edge|session_sin|price_return|3,0,trained,horizon_expired
0.0,0.009999999999990905,2.0572970710855738e-14,134.754,0.8514,30,1.0,0.0,0.0,causal_edge|session_cos|price_return|3,0,trained,horizon_expired
0.0,0.010000000000005116,3.4193719543519203e-13,2.234,0.8514,30,0.01,0.47,0.52,causal_edge|session_cos|price_return|3,0,trained,assumption_breach
2.7232987200011356e-05,0.010000000000005116,0.01428571428577787,44.1624,0.8514,30,0.01,0.13,0.86,causal_edge|session_cos|price_return|3,0,trained,horizon_expired
3.954449907518448e-05,0.009999999999990905,0.009774436090148768,97.90512000000001,0.8514,30,0.01,0.13,0.86,causal_edge|session_cos|price_return|3,0,trained,horizon_expired
3.953486171487146e-05,0.009999999999990905,0.012781954887362886,468.79644,0.8514,30,0.4,0.4,0.2,causal_edge|session_cos|price_return|3,1,trained,horizon_expired
3.947713605406742e-05,0.009999999999990905,0.018045112781923677,49.27808,0.8533,30,0.05,0.91,0.04,causal_edge|volatility|price_return|1,0,trained,horizon_expired
2.7176641945567798e-05,0.010000000000005116,0.038345864661483486,60.04263999999999,0.8533,30,1.0,0.0,0.0,causal_edge|volatility|price_return|1,0,trained,horizon_expired
2.7173334778706136e-05,0.010000000000005116,0.0142857142854122,114.93578,0.8533,30,0.12,0.88,0.0,causal_edge|volatility|price_return|1,0,trained,horizon_expired
0.0,0.009999999999990905,2.211217765536246e-13,82.30727999999999,0.8533,30,1.0,0.0,0.0,causal_edge|volatility|price_return|1,0,trained,horizon_expired
0.0,0.009999999999990905,2.2208508470140742e-13,173.77239999999998,0.8533,30,1.0,0.0,0.0,causal_edge|volatility|price_return|1,0,trained,horizon_expired
0.0,0.009999999999990905,3.8624425737135375e-13,453.031,0.8533,30,1.0,0.0,0.0,causal_edge|volatility|price_return|1,0,trained,horizon_expired
2.714690639407008e-05,0.010000000000005116,0.07443609022554706,231.94986,0.8533,30,1.0,0.0,0.0,causal_edge|volatility|price_return|1,0,trained,horizon_expired
0.0,0.009999999999990905,1.8503504141343318e-13,180.215,0.8533,30,1.0,0.0,0.0,causal_edge|volatility|price_return|1,0,trained,horizon_expired
2.7110651191969108e-05,0.010000000000005116,0.07443609022557528,995.0326,0.8533,30,1.0,0.0,0.0,causal_edge|volatility|price_return|1,0,trained,horizon_expired
0.0,0.010000000000005116,1.879249658567817e-13,1281.7065599999996,0.8533,30,1.0,0.0,0.0,causal_edge|volatility|price_return|1,0,trained,horizon_expired
0.0,0.009999999999990905,9.771933126133977e-14,255.67733999999996,0.8533,30,1.0,0.0,0.0,causal_edge|volatility|price_return|1,1,trained,horizon_expired
0.0,0.010000000000005116,9.86826394091226e-14,130.0691,0.8482,30,1.0,0.0,0.0,causal_edge|order_book_imbalance|price_return|1,0,trained,horizon_expired
0.0,0.010000000000005116,1.732553418498661e-14,967.3617200000001,0.8482,30,1.0,0.0,0.0,causal_edge|order_book_imbalance|price_return|1,0,trained,horizon_expired
0.0,0.010000000000005116,1.2881076962135667e-13,412.37499999999983,0.8482,30,1.0,0.0,0.0,causal_edge|order_book_imbalance|price_return|1,0,trained,horizon_expired
3.9405215602208754e-05,0.010000000000005116,0.029323308270865753,488.9675,0.8482,30,1.0,0.0,0.0,causal_edge|order_book_imbalance|price_return|1,0,trained,horizon_expired
0.0,0.010000000000005116,2.1708978792123293e-13,98.68222,0.8482,30,1.0,0.0,0.0,causal_edge|order_book_imbalance|price_return|1,0,trained,horizon_expired
2.714360646001287e-05,0.009999999999990905,0.014285714285998551,120.56064,0.8482,30,0.01,0.0,0.99,causal_edge|order_book_imbalance|price_return|1,0,trained,horizon_expired
2.7216390827631595e-05,0.009999999999990905,0.01428571428591689,92.26262000000001,1.0,30,1.0,0.0,0.0,trend_persistence,0,trained,horizon_expired
2.7216390827631595e-05,0.009999999999990905,0.01428571428591689,92.26262000000001,0.000389,30,1.0,0.0,0.0,volatility_control,0,trained,horizon_expired
2.7216390827631595e-05,0.009999999999990905,0.01428571428591689,92.26262000000001,0.166667,30,1.0,0.0,0.0,spread_constraint,0,trained,horizon_expired
2.7173334778706136e-05,0.010000000000005116,0.0481203007517716,318.52864,0.8493,30,1.0,0.0,0.0,causal_edge|spread|price_return|3,0,trained,horizon_expired
0.0,0.010000000000005116,1.8810372189804196e-13,2114.48952,0.8493,30,0.98,0.02,0.0,causal_edge|spread|price_return|3,0,trained,horizon_expired
3.953486171487146e-05,0.009999999999990905,0.002255639097834884,1448.6473999999998,0.8493,30,1.0,0.0,0.0,causal_edge|spread|price_return|3,0,trained,horizon_expired
0.0,0.009999999999990905,3.4193719543519203e-13,226.02494,0.8493,30,1.0,0.0,0.0,causal_edge|spread|price_return|3,0,trained,assumption_breach
2.713041474335353e-05,0.010000000000005116,0.014285714285573702,18884.79084,0.8493,30,1.0,0.0,0.0,causal_edge|spread|price_return|3,0,trained,horizon_expired
4.784192806259606e-05,0.010000000000005116,0.04210526315811614,353.75144,0.8493,30,1.0,0.0,0.0,causal_edge|spread|price_return|3,0,trained,horizon_expired
2.7120529367125294e-05,0.010000000000005116,0.01428571428579686,51.16276,0.8493,30,1.0,0.0,0.0,causal_edge|spread|price_return|3,0,trained,horizon_expired
0.0,0.010000000000005116,1.2881076962135667e-13,57.61859999999999,0.8493,30,1.0,0.0,0.0,causal_edge|spread|price_return|3,1,trained,horizon_expired
0.0,0.010000000000005116,2.1113118299327555e-13,204.70734000000004,0.8353,30,1.0,0.0,0.0,causal_edge|price_in_band|price_return|4,0,trained,horizon_expired
3.939086294645795e-05,0.010000000000005116,0.02406015037574482,43.45438,0.8353,30,1.0,0.0,0.0,causal_edge|price_in_band|price_return|4,0,trained,horizon_expired
2.7100780210348535e-05,0.010000000000005116,0.04812030075189501,208.20216000000005,0.8353,30,1.0,0.0,0.0,causal_edge|price_in_band|price_return|4,0,trained,horizon_expired
2.7110651191969108e-05,0.010000000000005116,0.014285714285398984,521.77216,0.8353,30,1.0,0.0,0.0,causal_edge|price_in_band|price_return|4,0,trained,assumption_breach
2.7133711470058926e-05,0.009999999999990905,0.0721804511276172,288.44051999999994,0.8353,30,0.12,0.88,0.0,causal_edge|price_in_band|price_return|4,0,trained,horizon_expired
2.7137008998602273e-05,0.010000000000005116,0.027067669173159437,136.21544000000003,0.8353,30,1.0,0.0,0.0,causal_edge|price_in_band|price_return|4,0,trained,horizon_expired
0.0,0.010000000000005116,2.7475902193498364e-13,26.002119999999994,0.8164,30,1.0,0.0,0.0,causal_edge|price_in_band|price_return|4,0,trained,horizon_expired
3.9405215602208754e-05,0.010000000000005116,0.0473684210527781,84.73513999999999,0.8164,30,0.11,0.89,0.0,causal_edge|price_in_band|price_return|4,0,trained,horizon_expired
2.7117235842218555e-05,0.009999999999990905,0.06315789473652783,583.66176,0.8164,30,1.0,0.0,0.0,causal_edge|price_in_band|price_return|4,0,trained,horizon_expired
0.0,0.010000000000005116,1.0464124433708e-13,2552.33,0.8164,30,0.94,0.06,0.0,causal_edge|price_in_band|price_return|4,0,trained,horizon_expired
0.0,0.010000000000005116,1.2881076962135667e-13,698.6777199999998,0.8164,30,1.0,0.0,0.0,causal_edge|price_in_band|price_return|4,0,trained,horizon_expired
2.7117235842218555e-05,0.009999999999990905,0.0744360902257781,63.901559999999996,0.8164,30,1.0,0.0,0.0,causal_edge|price_in_band|price_return|4,1,trained,horizon_expired
0.0,0.009999999999990905,1.8503504141343318e-13,72.694,0.8466,30,1.0,0.0,0.0,causal_edge|order_book_imbalance|price_return|1,0,trained,horizon_expired
0.0,0.010000000000005116,1.2990647519963793e-14,750.1180000000002,0.8466,30,1.0,0.0,0.0,causal_edge|order_book_imbalance|price_return|1,0,trained,assumption_breach
2.709420354813454e-05,0.010000000000005116,0.06842105263165302,8017.088999999999,0.8466,30,1.0,0.0,0.0,causal_edge|order_book_imbalance|price_return|1,0,trained,horizon_expired
2.7100780210348532e-05,0.010000000000005116,0.014285714285569366,229.40600000000003,0.8466,30,1.0,0.0,0.0,causal_edge|order_book_imbalance|price_return|1,0,trained,horizon_expired
2.710406973875846e-05,0.010000000000005116,0.05639097744350959,481.69897999999995,0.8466,30,1.0,0.0,0.0,causal_edge|order_book_imbalance|price_return|1,0,trained,horizon_expired
0.0,0.009999999999990905,9.627436903966548e-14,664.5866000000001,0.8466,30,1.0,0.0,0.0,causal_edge|order_book_imbalance|price_return|1,0,trained,horizon_expired
0.0,0.010000000000005116,2.1113118299327555e-13,688.5495400000001,0.8466,30,0.99,0.01,0.0,causal_edge|order_book_imbalance|price_return|1,0,trained,horizon_expired
0.0,0.010000000000005116,1.732553418498661e-14,1121.61702,0.8466,30,1.0,0.0,0.0,causal_edge|order_book_imbalance|price_return|1,0,trained,horizon_expired
0.0,0.010000000000005116,4.1167998883604443e-13,1242.9605199999999,0.8466,30,1.0,0.0,0.0,causal_edge|order_book_imbalance|price_return|1,0,trained,horizon_expired
0.0,0.009999999999990905,9.320568855505665e-14,802.0478800000002,0.8441,30,1.0,0.0,0.0,causal_edge|rsi|price_return|1,0,trained,horizon_expired
0.0,0.010000000000005116,9.320568855505665e-14,450.54851999999994,0.8441,30,1.0,0.0,0.0,causal_edge|rsi|price_return|1,0,trained,horizon_expired
0.0,0.010000000000005116,3.7944724910763034e-14,3511.9239999999995,0.8441,30,1.0,0.0,0.0,causal_edge|rsi|price_return|1,0,trained,horizon_expired
4.7725982765517106e-05,0.010000000000005116,0.06315789473683409,4385.829859999999,0.8441,30,1.0,0.0,0.0,causal_edge|rsi|price_return|1,0,trained,assumption_breach
0.0,0.010000000000005116,1.24778780988965e-13,228.13288,0.8441,30,0.99,0.01,0.0,causal_edge|rsi|price_return|1,0,trained,horizon_expired
0.0,0.010000000000005116,4.1167998883604443e-13,796.30236,0.8441,30,1.0,0.0,0.0,causal_edge|rsi|price_return|1,0,trained,horizon_expired
0.0,0.010000000000005116,9.061866214433924e-14,538.246,0.8441,30,0.03,0.96,0.01,causal_edge|rsi|price_return|1,0,trained,horizon_expired
0.0,0.010000000000005116,3.606297698654028e-13,1517.15088,1.0,30,0.99,0.01,0.0,trend_persistence,0,trained,horizon_expired
0.0,0.010000000000005116,3.606297698654028e-13,1517.15088,0.0,30,0.99,0.01,0.0,volatility_control,0,trained,horizon_expired
0.0,0.010000000000005116,3.606297698654028e-13,1517.15088,0.166667,30,0.99,0.01,0.0,spread_constraint,0,trained,horizon_expired
0.0,0.010000000000005116,1.1382487928083307e-13,1524.4799999999998,0.8441,30,1.0,0.0,0.0,causal_edge|rsi|price_return|1,0,trained,horizon_expired
2.702207037487559e-05,0.010000000000005116,0.07218045112769726,1588.46742,0.8441,30,0.99,0.0,0.01,causal_edge|rsi|price_return|1,0,trained,horizon_expired
2.7015531854207026e-05,0.009999999999990905,0.01428571428551928,1594.424,0.8441,30,0.99,0.01,0.0,causal_edge|rsi|price_return|1,0,trained,horizon_expired
2.701226378046598e-05,0.010000000000005116,0.02706766917283646,1794.1720000000005,0.8441,30,1.0,0.0,0.0,causal_edge|rsi|price_return|1,1,trained,horizon_expired
4.765091921491696e-05,0.009999999999990905,0.06616541353391112,2064.79592,0.8449,30,0.99,0.01,0.0,causal_edge|btc_return|price_return|1,0,trained,horizon_expired
0.0,0.010000000000005116,2.0692043831962357e-13,6728.760000000001,0.8449,30,1.0,0.0,0.0,causal_edge|btc_return|price_return|1,0,trained,horizon_expired
2.7008996497456562e-05,0.010000000000005116,0.014285714285978785,6875.614659999999,0.8449,30,1.0,0.0,0.0,causal_edge|btc_return|price_return|1,0,trained,horizon_expired
0.0,0.009999999999990905,2.2592902184108279e-13,62.00836000000001,0.8449,30,1.0,0.0,0.0,causal_edge|btc_return|price_return|1,0,trained,horizon_expired
3.923367103886311e-05,0.010000000000005116,0.0030075187970079807,823.1200999999998,0.8449,30,1.0,0.0,0.0,causal_edge|btc_return|price_return|1,0,trained,horizon_expired
2.6999199388256455e-05,0.009999999999990905,0.027067669172830794,53.37281999999999,0.8449,30,1.0,0.0,0.0,causal_edge|btc_return|price_return|1,0,trained,horizon_expired
3.9224184568257686e-05,0.010000000000005116,0.01804511278184714,235.85281999999998,0.8449,30,0.0,0.55,0.45,causal_edge|btc_return|price_return|1,0,trained,horizon_expired
0.0,0.009999999999990905,2.2224143423259431e-13,307.38800000000003,0.8449,30,0.99,0.01,0.0,causal_edge|btc_return|price_return|1,0,trained,horizon_expired
0.0,0.010000000000005116,2.2224143423259431e-13,97.81756000000001,0.8449,30,0.99,0.01,0.0,causal_edge|btc_return|price_return|1,0,trained,horizon_expired
2.6986147627126732e-05,0.010000000000005116,0.07218045112782553,589.688,0.8449,30,1.0,0.0,0.0,causal_edge|btc_return|price_return|1,0,trained,horizon_expired
0.0,0.010000000000005116,2.2561301274983428e-13,904.9823000000001,0.8449,30,1.0,0.0,0.0,causal_edge|btc_return|price_return|1,0,trained,horizon_expired
3.9181552159452536e-05,0.010000000000005116,0.054135338346101895,1092.267,0.8449,30,1.0,0.0,0.0,causal_edge|btc_return|price_return|1,0,trained,horizon_expired
0.0,0.009999999999990905,1.3685234037606663e-13,2004.9351199999996,0.8449,30,1.0,0.0,0.0,causal_edge|btc_return|price_return|1,0,trained,horizon_expired
0.0,0.010000000000005116,2.8328224676358504e-13,41.04328,0.823,30,1.0,0.0,0.0,causal_edge|btc_return|price_return|1,0,trained,horizon_expired
0.0,0.010000000000005116,1.7582899995960666e-13,1527.10288,0.823,30,1.0,0.0,0.0,causal_edge|btc_return|price_return|1,0,trained,horizon_expired
5.546466827447662e-05,0.010000000000005116,0.005263157894457504,60.99384,0.823,30,0.94,0.0,0.06,causal_edge|btc_return|price_return|1,0,trained,horizon_expired
4.7604843508977707e-05,0.009999999999990905,0.023308270676911613,306.57588000000004,0.823,30,0.03,0.12,0.85,causal_edge|btc_return|price_return|1,0,trained,horizon_expired
0.0,0.010000000000005116,2.2368639645426857e-13,426.71584,0.823,30,0.06,0.88,0.06,causal_edge|btc_return|price_return|1,0,trained,horizon_expired
3.920996346070513e-05,0.010000000000005116,0.036090225563843586,144.37684000000002,0.823,30,0.02,0.24,0.74,causal_edge|btc_return|price_return|1,0,trained,horizon_expired
2.6989409384336234e-05,0.009999999999990905,0.014285714285319911,318.02306,0.823,30,0.07,0.12,0.81,causal_edge|btc_return|price_return|1,0,trained,horizon_expired
3.9247909351771725e-05,0.010000000000005116,0.0157894736845478,692.5284400000002,0.823,30,1.0,0.0,0.0,causal_edge|btc_return|price_return|1,0,trained,horizon_expired
0.0,0.009999999999990905,2.0692043831962357e-13,312.14186,0.823,30,0.98,0.02,0.0,causal_edge|btc_return|price_return|1,0,trained,horizon_expired
0.0,0.009999999999990905,2.547778348142855e-13,331.18724000000003,0.823,30,1.0,0.0,0.0,causal_edge|btc_return|price_return|1,0,trained,horizon_expired
0.0,0.009999999999990905,2.547778348142855e-13,334.96988,0.823,30,0.95,0.04,0.01,causal_edge|btc_return|price_return|1,0,trained,horizon_expired
0.0,0.009999999999990905,2.0692043831962357e-13,198.46255999999997,0.8133,30,0.96,0.03,0.01,causal_edge|btc_return|price_return|1,0,trained,horizon_expired
2.7002464301450955e-05,0.010000000000005116,0.06842105263169782,279.46816,0.8133,30,1.0,0.0,0.0,causal_edge|btc_return|price_return|1,0,trained,horizon_expired
0.0,0.010000000000005116,2.2224143423259431e-13,219.29649999999995,0.8133,30,0.97,0.01,0.02,causal_edge|btc_return|price_return|1,0,trained,horizon_expired
4.761635407982653e-05,0.010000000000005116,0.006015037594021276,17.164020000000004,0.8133,30,0.93,0.01,0.06,causal_edge|btc_return|price_return|1,0,trained,horizon_expired
0.0,0.010000000000005116,1.4377425345180686e-13,6.488,0.8133,30,0.92,0.07,0.01,causal_edge|btc_return|price_return|1,0,trained,horizon_expired
0.0,0.009999999999990905,2.547778348142855e-13,1504.2551199999998,0.8133,30,0.04,0.41,0.55,causal_edge|btc_return|price_return|1,0,trained,horizon_expired
2.6992671930095746e-05,0.010000000000005116,0.03834586466171063,65.82573999999998,0.8133,30,0.99,0.01,0.0,causal_edge|btc_return|price_return|1,0,trained,horizon_expired
2.6992671930095746e-05,0.010000000000005116,0.05639097744351798,220.62446,0.8133,30,0.11,0.88,0.01,causal_edge|btc_return|price_return|1,0,trained,horizon_expired
2.6992671930095746e-05,0.010000000000005116,0.05639097744351798,868.6050600000002,0.8133,30,0.89,0.05,0.06,causal_edge|btc_return|price_return|1,0,trained,assumption_breach
0.0,0.009999999999990905,2.0547547609794927e-13,795.3206399999998,0.8133,30,0.02,0.24,0.74,causal_edge|btc_return|price_return|1,1,trained,horizon_expired
3.92526577528308e-05,0.009999999999990905,0.011278195488675822,71.03035999999999,0.7516,30,0.11,0.84,0.05,causal_edge|eth_return|price_return|1,0,trained,horizon_expired
3.925740730308445e-05,0.010000000000005116,0.009774436089992915,27.017040000000005,0.7516,30,0.0,0.0,1.0,causal_edge|eth_return|price_return|1,0,trained,horizon_expired
0.0,0.010000000000005116,9.061866214433924e-14,205.31995999999998,0.7516,30,0.0,0.06,0.94,causal_edge|eth_return|price_return|1,0,trained,horizon_expired
2.7018800718878007e-05,0.010000000000005116,0.014285714285839279,388.481,0.7516,30,1.0,0.0,0.0,causal_edge|eth_return|price_return|1,0,trained,horizon_expired
3.925740730308445e-05,0.010000000000005116,0.05789473684188113,89.6364,0.7516,30,1.0,0.0,0.0,causal_edge|eth_return|price_return|1,0,trained,horizon_expired
2.7018800718878007e-05,0.010000000000005116,0.06315789473679524,780.7651999999999,0.7516,30,0.92,0.08,0.0,causal_edge|eth_return|price_return|1,0,trained,horizon_expired
2.702534082200145e-05,0.009999999999990905,0.048120300752140535,54.0868,0.7516,30,0.25,0.72,0.03,causal_edge|eth_return|price_return|1,0,trained,horizon_expired
2.702534082200145e-05,0.009999999999990905,0.014285714285749474,68.25768,0.846,30,0.02,0.01,0.97,causal_edge|volume|price_return|3,0,trained,horizon_expired
3.92526577528308e-05,0.009999999999990905,0.04210526315799163,176.23616,0.7501,30,0.95,0.04,0.01,causal_edge|eth_return|price_return|1,0,trained,horizon_expired
0.0,0.010000000000005116,1.1526984150250737e-13,18.447960000000002,0.7501,30,0.07,0.12,0.81,causal_edge|eth_return|price_return|1,0,trained,horizon_expired
2.701226378046598e-05,0.010000000000005116,0.06315789473667499,61.86134,0.846,30,0.02,0.02,0.96,causal_edge|volume|price_return|3,0,trained,assumption_breach
0.0,0.009999999999990905,5.356861885636494e-14,144.22956000000002,0.7501,30,0.0,0.06,0.94,causal_edge|eth_return|price_return|1,0,trained,horizon_expired
0.0,0.009999999999990905,5.356861885636494e-14,1548.6640000000002,0.7501,30,0.03,0.13,0.84,causal_edge|eth_return|price_return|1,0,trained,horizon_expired
2.6979626477564477e-05,0.009999999999990905,0.04812030075187521,113.30234,0.846,30,1.0,0.0,0.0,causal_edge|volume|price_return|3,0,trained,horizon_expired
0.0,0.010000000000005116,1.0979289064844141e-13,481.5333200000001,0.7501,30,0.03,0.13,0.84,causal_edge|eth_return|price_return|1,0,trained,horizon_expired
3.923841599522012e-05,0.009999999999990905,0.003759398496384917,386.13046,0.7501,30,0.94,0.0,0.06,causal_edge|eth_return|price_return|1,0,trained,horizon_expired
0.0,0.010000000000005116,2.0692043831962357e-13,568.59868,0.846,30,0.07,0.09,0.84,causal_edge|volume|price_return|3,0,trained,horizon_expired
3.9214702684056654e-05,0.010000000000005116,0.02105263157877046,210.96096,0.7511,30,0.97,0.02,0.01,causal_edge|trade_intensity|price_return|1,0,trained,horizon_expired
0.0,0.010000000000005116,1.0979289064844141e-13,384.1295399999999,0.7511,30,1.0,0.0,0.0,causal_edge|trade_intensity|price_return|1,0,trained,horizon_expired
0.0,0.010000000000005116,2.2561301274983428e-13,16.41116,0.7511,30,0.0,0.06,0.94,causal_edge|trade_intensity|price_return|1,0,trained,horizon_expired
2.6966593628545492e-05,0.010000000000005116,0.014285714285837438,126.91312000000003,0.7511,30,1.0,0.0,0.0,causal_edge|trade_intensity|price_return|1,0,trained,horizon_expired
2.6953573364792684e-05,0.009999999999990905,0.07443609022570555,188.20140000000004,0.7511,30,0.06,0.09,0.85,causal_edge|trade_intensity|price_return|1,0,trained,horizon_expired
2.695682725177325e-05,0.010000000000005116,0.014285714285587421,150.219,0.7511,30,1.0,0.0,0.0,causal_edge|trade_intensity|price_return|1,0,trained,horizon_expired
3.9181552159452536e-05,0.010000000000005116,0.02030075187947028,522.6882400000001,0.7511,30,0.97,0.03,0.0,causal_edge|trade_intensity|price_return|1,0,trained,horizon_expired
0.0,0.009999999999990905,5.549523515193063e-14,565.4398,0.7511,30,1.0,0.0,0.0,causal_edge|trade_intensity|price_return|1,0,trained,horizon_expired
0.0,0.010000000000005116,1.1382487928083307e-13,1588.1331800000003,1.0,30,1.0,0.0,0.0,trend_persistence,0,trained,horizon_expired
0.0,0.010000000000005116,1.1382487928083307e-13,1588.1331800000003,0.0,30,1.0,0.0,0.0,volatility_control,0,trained,horizon_expired
0.0,0.010000000000005116,1.1382487928083307e-13,1588.1331800000003,0.166667,30,1.0,0.0,0.0,spread_constraint,0,trained,horizon_expired
2.696008192472557e-05,0.010000000000005116,0.048120300752130536,503.23555999999996,0.7511,30,1.0,0.0,0.0,causal_edge|trade_intensity|price_return|1,0,trained,horizon_expired
0.0,0.009999999999990905,1.9193454797909994e-13,2584.615,0.7752,30,0.02,0.02,0.96,causal_edge|eth_return|price_return|1,0,trained,horizon_expired
2.690485915278337e-05,0.010000000000005116,0.027067669172769124,2932.7189200000007,0.7752,30,1.0,0.0,0.0,causal_edge|eth_return|price_return|1,0,trained,horizon_expired
0.0,0.009999999999990905,2.235076404130083e-13,10755.211,0.7752,30,1.0,0.0,0.0,causal_edge|eth_return|price_return|1,0,trained,horizon_expired
2.693731570538496e-05,0.010000000000005116,0.04812030075173861,54.65806,0.7511,30,1.0,0.0,0.0,causal_edge|trade_intensity|price_return|1,0,trained,horizon_expired
0.0,0.010000000000005116,2.235076404130083e-13,323.48407999999995,0.7369,30,0.01,0.04,0.95,causal_edge|trade_intensity|price_return|1,0,trained,horizon_expired
2.6930818131802185e-05,0.010000000000005116,0.07218045112805732,371.40581999999995,0.7369,30,0.94,0.05,0.01,causal_edge|trade_intensity|price_return|1,0,trained,horizon_expired
0.0,0.010000000000005116,6.483852965574536e-14,111.01606,0.7369,30,0.99,0.0,0.01,causal_edge|trade_intensity|price_return|1,0,trained,horizon_expired
0.0,0.010000000000005116,2.2013606189576835e-13,281.8149599999999,0.7369,30,0.97,0.03,0.0,causal_edge|trade_intensity|price_return|1,0,trained,horizon_expired
2.6943816415119993e-05,0.009999999999990905,0.07443609022547824,472.35048,0.7369,30,1.0,0.0,0.0,causal_edge|trade_intensity|price_return|1,0,trained,horizon_expired
2.6934066526698494e-05,0.009999999999990905,0.02706766917273015,510.64296,0.7369,30,0.99,0.0,0.01,causal_edge|trade_intensity|price_return|1,0,trained,horizon_expired
4.7501498253505117e-05,0.010000000000005116,0.029323308270561992,634.0127,0.7369,30,1.0,0.0,0.0,causal_edge|trade_intensity|price_return|1,0,trained,horizon_expired
4.7501498253505117e-05,0.010000000000005116,0.0022556390980736233,258.20792,0.7369,30,1.0,0.0,0.0,causal_edge|trade_intensity|price_return|1,0,trained,horizon_expired
4.749577000559401e-05,0.010000000000005116,0.052631578947647674,186.48394,0.7369,30,0.96,0.02,0.02,causal_edge|trade_intensity|price_return|1,0,trained,horizon_expired
2.6914587903264953e-05,0.010000000000005116,0.06842105263161948,286.1157599999999,0.7369,30,1.0,0.0,0.0,causal_edge|trade_intensity|price_return|1,0,trained,horizon_expired
3.911070371334293e-05,0.009999999999990905,0.006015037593938653,624.4698600000002,0.7369,30,1.0,0.0,0.0,causal_edge|trade_intensity|price_return|1,0,trained,horizon_expired
0.0,0.009999999999990905,1.9193454797909994e-13,9.872999999999998,0.7369,30,0.99,0.0,0.01,causal_edge|trade_intensity|price_return|1,0,trained,horizon_expired
2.6914587903264953e-05,0.010000000000005116,0.03834586466164206,72.23885999999999,0.7369,30,1.0,0.0,0.0,causal_edge|trade_intensity|price_return|1,0,trained,horizon_expired
0.0,0.010000000000005116,5.24265546673218e-14,920.7353999999998,0.7369,30,0.97,0.0,0.03,causal_edge|trade_intensity|price_return|1,0,trained,horizon_expired
0.0,0.010000000000005116,5.24265546673218e-14,1144.44448,0.7369,30,1.0,0.0,0.0,causal_edge|trade_intensity|price_return|1,0,trained,horizon_expired
0.0,0.009999999999990905,1.0720586423772398e-13,510.62576,0.7369,30,0.99,0.01,0.0,causal_edge|trade_intensity|price_return|1,0,trained,horizon_expired
3.914373440963149e-05,0.010000000000005116,0.018045112782001087,1048.093,0.7274,30,0.01,0.0,0.99,causal_edge|trade_intensity|price_return|1,0,trained,horizon_expired
4.751295889605536e-05,0.010000000000005116,0.0541353383457918,690.87962,0.7274,30,0.92,0.07,0.01,causal_edge|trade_intensity|price_return|1,0,trained,horizon_expired
3.913901232334137e-05,0.010000000000005116,0.041353383458474356,38.29898,0.7274,30,1.0,0.0,0.0,causal_edge|trade_intensity|price_return|1,0,trained,horizon_expired
3.913901232334137e-05,0.010000000000005116,0.018045112782343223,61.93327999999999,0.7274,30,0.98,0.0,0.02,causal_edge|trade_intensity|price_return|1,0,trained,horizon_expired
2.6943816415119993e-05,0.009999999999990905,0.07218045112792672,13.198000000000002,0.7274,30,0.97,0.0,0.03,causal_edge|trade_intensity|price_return|1,0,trained,horizon_expired
0.0,0.010000000000005116,1.4591959272824933e-14,1916.0043400000002,0.7274,30,0.97,0.0,0.03,causal_edge|trade_intensity|price_return|1,0,trained,horizon_expired
3.9148457635606804e-05,0.009999999999990905,0.03383458646610528,1985.0497,0.7274,30,1.0,0.0,0.0,causal_edge|trade_intensity|price_return|1,0,trained,horizon_expired
2.6943816415119993e-05,0.009999999999990905,0.06315789473668941,99.26932000000001,0.7274,30,1.0,0.0,0.0,causal_edge|trade_intensity|price_return|1,0,trained,horizon_expired
0.0,0.009999999999990905,1.3685234037606663e-13,1956.1828800000003,0.7274,30,0.02,0.09,0.89,causal_edge|trade_intensity|price_return|1,0,trained,horizon_expired
2.696008192472557e-05,0.010000000000005116,0.027067669173136393,1989.5878599999996,0.7274,30,0.01,0.0,0.99,causal_edge|trade_intensity|price_return|1,0,trained,horizon_expired
2.696985066000807e-05,0.009999999999990905,0.05639097744373854,28.573820000000005,0.7274,30,0.97,0.0,0.03,causal_edge|trade_intensity|price_return|1,0,trained,horizon_expired
0.0,0.010000000000005116,5.356861885636494e-14,244.09601999999998,0.7274,30,1.0,0.0,0.0,causal_edge|trade_intensity|price_return|1,0,trained,horizon_expired
0.0,0.009999999999990905,1.1220116101789853e-13,337.13676,0.7024,30,0.0,0.0,1.0,causal_edge|trade_intensity|price_return|1,0,trained,horizon_expired
2.6973108478830706e-05,0.010000000000005116,0.07218045112817524,74.3768,0.7024,30,0.01,0.01,0.98,causal_edge|trade_intensity|price_return|1,0,trained,horizon_expired
4.757609141423584e-05,0.010000000000005116,0.0646616541352762,82.35882,0.7024,30,1.0,0.0,0.0,causal_edge|trade_intensity|price_return|1,0,trained,horizon_expired
3.919101801746104e-05,0.010000000000005116,0.020300751879509676,144.4915,0.7024,30,1.0,0.0,0.0,causal_edge|trade_intensity|price_return|1,0,trained,horizon_expired
0.0,0.010000000000005116,2.8328224676358504e-13,136.041,0.7024,30,0.97,0.0,0.03,causal_edge|trade_intensity|price_return|1,0,trained,horizon_expired
0.0,0.010000000000005116,2.2561301274983428e-13,261.78108,0.7024,30,0.0,0.0,1.0,causal_edge|trade_intensity|price_return|1,0,trained,horizon_expired
2.6973108478830706e-05,0.010000000000005116,0.05639097744388078,311.84402,0.7024,30,1.0,0.0,0.0,causal_edge|trade_intensity|price_return|1,0,trained,horizon_expired
0.0,0.009999999999990905,1.3685234037606663e-13,39.641,0.7024,30,0.99,0.0,0.01,causal_edge|trade_intensity|price_return|1,0,trained,horizon_expired
4.755885682161234e-05,0.009999999999990905,0.004511278195337736,102.47554,0.7024,30,0.97,0.03,0.0,causal_edge|trade_intensity|price_return|1,0,trained,horizon_expired
0.0,0.009999999999990905,1.3685234037606663e-13,140.43541999999997,0.7024,30,1.0,0.0,0.0,causal_edge|trade_intensity|price_return|1,0,trained,horizon_expired
0.0,0.009999999999990905,1.382973025977409e-13,460.0763600000001,0.7024,30,1.0,0.0,0.0,causal_edge|trade_intensity|price_return|1,0,trained,horizon_expired
2.693731570538496e-05,0.010000000000005116,0.03834586466161193,93.60295999999998,0.7024,30,0.02,0.03,0.95,causal_edge|trade_intensity|price_return|1,0,trained,horizon_expired
0.0,0.010000000000005116,1.0720586423772398e-13,120.44391999999999,0.7024,30,0.99,0.0,0.01,causal_edge|trade_intensity|price_return|1,0,trained,horizon_expired
0.0,0.010000000000005116,5.24265546673218e-14,180.10265999999996,0.7024,30,0.01,0.0,0.99,causal_edge|trade_intensity|price_return|1,0,trained,horizon_expired
0.0,0.010000000000005116,3.630156337247865e-13,318.1694,0.7024,30,0.31,0.44,0.25,causal_edge|trade_intensity|price_return|1,0,trained,horizon_expired
2.6911344204961426e-05,0.010000000000005116,0.056390977443822925,1.9044800000000004,0.7024,30,1.0,0.0,0.0,causal_edge|trade_intensity|price_return|1,0,trained,horizon_expired
2.6914587903264953e-05,0.010000000000005116,0.0631578947369817,17.42058,0.7024,30,1.0,0.0,0.0,causal_edge|trade_intensity|price_return|1,0,trained,horizon_expired
0.0,0.009999999999990905,1.9193454797909994e-13,195.26850000000005,0.7024,30,1.0,0.0,0.0,causal_edge|trade_intensity|price_return|1,0,trained,horizon_expired
3.907772871466513e-05,0.010000000000005116,0.005263157894836356,1055.01956,0.7024,30,0.98,0.02,0.0,causal_edge|trade_intensity|price_return|1,0,trained,horizon_expired
0.0,0.009999999999990905,2.1754903548505093e-13,48.36599999999999,0.6965,30,1.0,0.0,0.0,causal_edge|trade_intensity|price_return|1,0,trained,horizon_expired
0.0,0.010000000000005116,3.88148467156846e-13,91.18462,0.8222,30,0.99,0.01,0.0,causal_edge|rsi|price_return|4,0,trained,assumption_breach
2.6872480719586658e-05,0.009999999999990905,0.05639097744389977,2195.004,0.6965,30,1.0,0.0,0.0,causal_edge|trade_intensity|price_return|1,0,trained,horizon_expired
3.9063613587748856e-05,0.010000000000005116,0.020300751879387395,2753.60672,0.6965,30,1.0,0.0,0.0,causal_edge|trade_intensity|price_return|1,0,trained,horizon_expired
4.742713863185141e-05,0.009999999999990905,0.005263157894414338,270.95788,0.6965,30,0.37,0.46,0.17,causal_edge|trade_intensity|price_return|1,0,trained,horizon_expired
5.5270911075648766e-05,0.009999999999990905,0.0015037593983615414,356.81343999999996,0.6965,30,1.0,0.0,0.0,causal_edge|trade_intensity|price_return|1,0,trained,horizon_expired
2.6882186063857072e-05,0.009999999999990905,0.03834586466155213,3114.5562200000004,0.6965,30,0.0,0.01,0.99,causal_edge|trade_intensity|price_return|1,0,trained,horizon_expired
0.0,0.010000000000005116,2.766632317204759e-13,3255.39794,0.6965,30,1.0,0.0,0.0,causal_edge|trade_intensity|price_return|1,0,trained,horizon_expired
3.9063613587748856e-05,0.010000000000005116,0.006015037593791541,52.93672000000001,0.6965,30,0.97,0.0,0.03,causal_edge|trade_intensity|price_return|1,0,trained,horizon_expired
2.6891898420986766e-05,0.010000000000005116,0.0684210526316675,379.34712,0.6965,30,0.98,0.0,0.02,causal_edge|trade_intensity|price_return|1,0,trained,horizon_expired
2.689513743320887e-05,0.010000000000005116,0.07518796992514866,531.90182,0.6965,30,1.0,0.0,0.0,causal_edge|trade_intensity|price_return|1,0,trained,horizon_expired
0.0,0.010000000000005116,2.1754903548505093e-13,78.30672000000001,0.7028,30,1.0,0.0,0.0,causal_edge|trade_intensity|price_return|1,0,trained,horizon_expired
0.0,0.010000000000005116,2.1803068955894233e-13,87.00898000000001,0.7028,30,0.0,0.01,0.99,causal_edge|trade_intensity|price_return|1,0,trained,horizon_expired
4.746714947519143e-05,0.010000000000005116,0.04812030075203255,82.63199999999999,0.7028,30,0.99,0.0,0.01,causal_edge|trade_intensity|price_return|1,0,trained,horizon_expired
5.529755568526074e-05,0.010000000000005116,0.01203007518794356,149.65359999999998,0.7028,30,1.0,0.0,0.0,causal_edge|trade_intensity|price_return|1,0,trained,horizon_expired
4.7455710918323165e-05,0.010000000000005116,0.0308270676693416,196.63858,0.7028,30,0.05,0.0,0.95,causal_edge|trade_intensity|price_return|1,0,trained,horizon_expired
2.6901617798908848e-05,0.010000000000005116,0.05639097744365282,341.49695999999994,0.7028,30,0.99,0.0,0.01,causal_edge|trade_intensity|price_return|1,0,trained,horizon_expired
0.0,0.009999999999990905,2.766632317204759e-13,898.98648,0.7028,30,0.01,0.0,0.99,causal_edge|trade_intensity|price_return|1,0,trained,horizon_expired
2.6882186063857075e-05,0.009999999999990905,0.06315789473652833,1091.20416,0.7028,30,0.97,0.0,0.03,causal_edge|trade_intensity|price_return|1,0,trained,horizon_expired
0.0,0.010000000000005116,4.181106856051181e-14,210.1618,0.7028,30,0.99,0.0,0.01,causal_edge|trade_intensity|price_return|1,0,trained,horizon_expired
2.6869247161766595e-05,0.010000000000005116,0.0270676691726159,628.2638200000001,0.7028,30,0.03,0.07,0.9,causal_edge|trade_intensity|price_return|1,0,trained,assumption_breach
0.0,0.009999999999990905,2.9872738466792663e-13,6754.4529999999995,0.7028,30,0.97,0.0,0.03,causal_edge|trade_intensity|price_return|1,0,trained,assumption_breach
0.0,0.010000000000005116,3.4592437104743685e-13,1.5639999999999998,0.7028,30,0.01,0.0,0.99,causal_edge|trade_intensity|price_return|1,0,trained,assumption_breach
0.0,0.009999999999990905,3.389032976829793e-14,2089.5588399999997,0.7028,30,1.0,0.0,0.0,causal_edge|trade_intensity|price_return|1,0,trained,horizon_expired
0.0,0.0,0.0,0.0,0.5,30,1.0,0.0,0.0,causal_edge|volatility|price_return|2,1,bootstrap,horizon_expired
0.0,0.0,0.0,0.0,0.8,30,1.0,0.0,0.0,causal_edge|spread|price_return|1,1,bootstrap,horizon_expired
0.0,0.0,0.0,0.0,0.0,30,1.0,0.0,0.0,causal_edge_padding|1,0,bootstrap,horizon_expired
0.0,0.0,0.0,0.0,0.5,30,1.0,0.0,0.0,causal_edge|volatility|price_return|2,0,bootstrap,horizon_expired
0.0,0.0,0.0,0.0,0.8,30,1.0,0.0,0.0,causal_edge|spread|price_return|1,0,bootstrap,horizon_expired
0.0,0.0,0.0,0.0,0.0,30,1.0,0.0,0.0,causal_edge_padding|1,0,bootstrap,horizon_expired
